BEGIN;
SET CONSTRAINTS ALL DEFERRED;

CREATE TABLE IF NOT EXISTS "django_migrations" ("id" integer NOT NULL PRIMARY KEY , "app" varchar(255) NOT NULL, "name" varchar(255) NOT NULL, "applied" datetime NOT NULL);
INSERT INTO django_migrations VALUES(1,'contenttypes','0001_initial','2026-01-18 23:34:22.090711');
INSERT INTO django_migrations VALUES(2,'contenttypes','0002_remove_content_type_name','2026-01-18 23:34:22.113590');
INSERT INTO django_migrations VALUES(3,'auth','0001_initial','2026-01-18 23:34:22.153557');
INSERT INTO django_migrations VALUES(4,'auth','0002_alter_permission_name_max_length','2026-01-18 23:34:22.175840');
INSERT INTO django_migrations VALUES(5,'auth','0003_alter_user_email_max_length','2026-01-18 23:34:22.192044');
INSERT INTO django_migrations VALUES(6,'auth','0004_alter_user_username_opts','2026-01-18 23:34:22.210736');
INSERT INTO django_migrations VALUES(7,'auth','0005_alter_user_last_login_null','2026-01-18 23:34:22.228240');
INSERT INTO django_migrations VALUES(8,'auth','0006_require_contenttypes_0002','2026-01-18 23:34:22.236722');
INSERT INTO django_migrations VALUES(9,'auth','0007_alter_validators_add_error_messages','2026-01-18 23:34:22.255193');
INSERT INTO django_migrations VALUES(10,'auth','0008_alter_user_username_max_length','2026-01-18 23:34:22.272096');
INSERT INTO django_migrations VALUES(11,'auth','0009_alter_user_last_name_max_length','2026-01-18 23:34:22.291541');
INSERT INTO django_migrations VALUES(12,'auth','0010_alter_group_name_max_length','2026-01-18 23:34:22.315020');
INSERT INTO django_migrations VALUES(13,'auth','0011_update_proxy_permissions','2026-01-18 23:34:22.331095');
INSERT INTO django_migrations VALUES(14,'auth','0012_alter_user_first_name_max_length','2026-01-18 23:34:22.354991');
INSERT INTO django_migrations VALUES(15,'accounts','0001_initial','2026-01-18 23:34:22.606881');
INSERT INTO django_migrations VALUES(16,'admin','0001_initial','2026-01-18 23:34:22.636686');
INSERT INTO django_migrations VALUES(17,'admin','0002_logentry_remove_auto_add','2026-01-18 23:34:22.662719');
INSERT INTO django_migrations VALUES(18,'admin','0003_logentry_add_action_flag_choices','2026-01-18 23:34:22.684919');
INSERT INTO django_migrations VALUES(19,'courses','0001_initial','2026-01-18 23:34:22.896231');
INSERT INTO django_migrations VALUES(20,'ai_features','0001_initial','2026-01-18 23:34:23.058581');
INSERT INTO django_migrations VALUES(21,'core','0001_initial','2026-01-18 23:34:23.163645');
INSERT INTO django_migrations VALUES(22,'notifications','0001_initial','2026-01-18 23:34:23.582064');
INSERT INTO django_migrations VALUES(23,'sessions','0001_initial','2026-01-18 23:34:23.600493');
INSERT INTO django_migrations VALUES(24,'ai_features','0002_alter_aisummary_file_alter_aisummary_model_used_and_more','2026-01-23 09:36:42.427617');
INSERT INTO django_migrations VALUES(25,'accounts','0002_enhanced_permissions_system','2026-01-26 01:54:53.034047');
INSERT INTO django_migrations VALUES(26,'accounts','0003_alter_role_is_system','2026-01-26 23:05:18.453300');
INSERT INTO django_migrations VALUES(27,'ai_features','0003_aigeneratedquestion_score_aisummary_md_file_path_and_more','2026-02-08 05:22:49.263946');
INSERT INTO django_migrations VALUES(28,'courses','0002_lecturefile_idx_lf_course_vis_and_more','2026-02-08 11:05:14.687704');
INSERT INTO django_migrations VALUES(29,'ai_features','0004_aiconfiguration_apikey_aiusagelog_api_key_used_and_more','2026-02-08 11:05:14.776254');
INSERT INTO django_migrations VALUES(30,'ai_features','0005_alter_aiconfiguration_active_model_and_more','2026-02-09 08:24:25.510936');
INSERT INTO django_migrations VALUES(31,'notifications','0002_notificationpreference_and_more','2026-02-09 08:24:26.204729');
INSERT INTO django_migrations VALUES(32,'notifications','0003_notification_is_deleted_by_sender_and_more','2026-02-09 08:24:26.305374');
INSERT INTO django_migrations VALUES(33,'ai_features','0006_alter_aiconfiguration_active_model_and_more','2026-02-10 01:38:29.435794');
CREATE TABLE IF NOT EXISTS "django_content_type" ("id" integer NOT NULL PRIMARY KEY , "app_label" varchar(100) NOT NULL, "model" varchar(100) NOT NULL);
INSERT INTO django_content_type VALUES(1,'admin','logentry');
INSERT INTO django_content_type VALUES(2,'auth','permission');
INSERT INTO django_content_type VALUES(3,'auth','group');
INSERT INTO django_content_type VALUES(4,'contenttypes','contenttype');
INSERT INTO django_content_type VALUES(5,'sessions','session');
INSERT INTO django_content_type VALUES(6,'core','systemsetting');
INSERT INTO django_content_type VALUES(7,'core','auditlog');
INSERT INTO django_content_type VALUES(8,'accounts','role');
INSERT INTO django_content_type VALUES(9,'accounts','permission');
INSERT INTO django_content_type VALUES(10,'accounts','rolepermission');
INSERT INTO django_content_type VALUES(11,'accounts','major');
INSERT INTO django_content_type VALUES(12,'accounts','level');
INSERT INTO django_content_type VALUES(13,'accounts','semester');
INSERT INTO django_content_type VALUES(14,'accounts','user');
INSERT INTO django_content_type VALUES(15,'accounts','verificationcode');
INSERT INTO django_content_type VALUES(16,'accounts','passwordresettoken');
INSERT INTO django_content_type VALUES(17,'accounts','useractivity');
INSERT INTO django_content_type VALUES(18,'courses','course');
INSERT INTO django_content_type VALUES(19,'courses','coursemajor');
INSERT INTO django_content_type VALUES(20,'courses','instructorcourse');
INSERT INTO django_content_type VALUES(21,'courses','lecturefile');
INSERT INTO django_content_type VALUES(22,'notifications','notification');
INSERT INTO django_content_type VALUES(23,'notifications','notificationrecipient');
INSERT INTO django_content_type VALUES(24,'ai_features','aisummary');
INSERT INTO django_content_type VALUES(25,'ai_features','aigeneratedquestion');
INSERT INTO django_content_type VALUES(26,'ai_features','aichat');
INSERT INTO django_content_type VALUES(27,'ai_features','aiusagelog');
INSERT INTO django_content_type VALUES(28,'ai_features','aigenerationjob');
INSERT INTO django_content_type VALUES(29,'ai_features','studentprogress');
INSERT INTO django_content_type VALUES(30,'ai_features','aiconfiguration');
INSERT INTO django_content_type VALUES(31,'ai_features','apikey');
INSERT INTO django_content_type VALUES(32,'notifications','notificationpreference');
CREATE TABLE IF NOT EXISTS "auth_group_permissions" ("id" integer NOT NULL PRIMARY KEY , "group_id" integer NOT NULL REFERENCES "auth_group" ("id") DEFERRABLE INITIALLY DEFERRED, "permission_id" integer NOT NULL REFERENCES "auth_permission" ("id") DEFERRABLE INITIALLY DEFERRED);
CREATE TABLE IF NOT EXISTS "auth_permission" ("id" integer NOT NULL PRIMARY KEY , "content_type_id" integer NOT NULL REFERENCES "django_content_type" ("id") DEFERRABLE INITIALLY DEFERRED, "codename" varchar(100) NOT NULL, "name" varchar(255) NOT NULL);
INSERT INTO auth_permission VALUES(1,1,'add_logentry','Can add log entry');
INSERT INTO auth_permission VALUES(2,1,'change_logentry','Can change log entry');
INSERT INTO auth_permission VALUES(3,1,'delete_logentry','Can delete log entry');
INSERT INTO auth_permission VALUES(4,1,'view_logentry','Can view log entry');
INSERT INTO auth_permission VALUES(5,2,'add_permission','Can add permission');
INSERT INTO auth_permission VALUES(6,2,'change_permission','Can change permission');
INSERT INTO auth_permission VALUES(7,2,'delete_permission','Can delete permission');
INSERT INTO auth_permission VALUES(8,2,'view_permission','Can view permission');
INSERT INTO auth_permission VALUES(9,3,'add_group','Can add group');
INSERT INTO auth_permission VALUES(10,3,'change_group','Can change group');
INSERT INTO auth_permission VALUES(11,3,'delete_group','Can delete group');
INSERT INTO auth_permission VALUES(12,3,'view_group','Can view group');
INSERT INTO auth_permission VALUES(13,4,'add_contenttype','Can add content type');
INSERT INTO auth_permission VALUES(14,4,'change_contenttype','Can change content type');
INSERT INTO auth_permission VALUES(15,4,'delete_contenttype','Can delete content type');
INSERT INTO auth_permission VALUES(16,4,'view_contenttype','Can view content type');
INSERT INTO auth_permission VALUES(17,5,'add_session','Can add session');
INSERT INTO auth_permission VALUES(18,5,'change_session','Can change session');
INSERT INTO auth_permission VALUES(19,5,'delete_session','Can delete session');
INSERT INTO auth_permission VALUES(20,5,'view_session','Can view session');
INSERT INTO auth_permission VALUES(21,6,'add_systemsetting','Can add إعداد نظام');
INSERT INTO auth_permission VALUES(22,6,'change_systemsetting','Can change إعداد نظام');
INSERT INTO auth_permission VALUES(23,6,'delete_systemsetting','Can delete إعداد نظام');
INSERT INTO auth_permission VALUES(24,6,'view_systemsetting','Can view إعداد نظام');
INSERT INTO auth_permission VALUES(25,7,'add_auditlog','Can add سجل تدقيق');
INSERT INTO auth_permission VALUES(26,7,'change_auditlog','Can change سجل تدقيق');
INSERT INTO auth_permission VALUES(27,7,'delete_auditlog','Can delete سجل تدقيق');
INSERT INTO auth_permission VALUES(28,7,'view_auditlog','Can view سجل تدقيق');
INSERT INTO auth_permission VALUES(29,8,'add_role','Can add دور');
INSERT INTO auth_permission VALUES(30,8,'change_role','Can change دور');
INSERT INTO auth_permission VALUES(31,8,'delete_role','Can delete دور');
INSERT INTO auth_permission VALUES(32,8,'view_role','Can view دور');
INSERT INTO auth_permission VALUES(33,9,'add_permission','Can add صلاحية');
INSERT INTO auth_permission VALUES(34,9,'change_permission','Can change صلاحية');
INSERT INTO auth_permission VALUES(35,9,'delete_permission','Can delete صلاحية');
INSERT INTO auth_permission VALUES(36,9,'view_permission','Can view صلاحية');
INSERT INTO auth_permission VALUES(37,10,'add_rolepermission','Can add صلاحية الدور');
INSERT INTO auth_permission VALUES(38,10,'change_rolepermission','Can change صلاحية الدور');
INSERT INTO auth_permission VALUES(39,10,'delete_rolepermission','Can delete صلاحية الدور');
INSERT INTO auth_permission VALUES(40,10,'view_rolepermission','Can view صلاحية الدور');
INSERT INTO auth_permission VALUES(41,11,'add_major','Can add تخصص');
INSERT INTO auth_permission VALUES(42,11,'change_major','Can change تخصص');
INSERT INTO auth_permission VALUES(43,11,'delete_major','Can delete تخصص');
INSERT INTO auth_permission VALUES(44,11,'view_major','Can view تخصص');
INSERT INTO auth_permission VALUES(45,12,'add_level','Can add مستوى');
INSERT INTO auth_permission VALUES(46,12,'change_level','Can change مستوى');
INSERT INTO auth_permission VALUES(47,12,'delete_level','Can delete مستوى');
INSERT INTO auth_permission VALUES(48,12,'view_level','Can view مستوى');
INSERT INTO auth_permission VALUES(49,13,'add_semester','Can add فصل دراسي');
INSERT INTO auth_permission VALUES(50,13,'change_semester','Can change فصل دراسي');
INSERT INTO auth_permission VALUES(51,13,'delete_semester','Can delete فصل دراسي');
INSERT INTO auth_permission VALUES(52,13,'view_semester','Can view فصل دراسي');
INSERT INTO auth_permission VALUES(53,14,'add_user','Can add مستخدم');
INSERT INTO auth_permission VALUES(54,14,'change_user','Can change مستخدم');
INSERT INTO auth_permission VALUES(55,14,'delete_user','Can delete مستخدم');
INSERT INTO auth_permission VALUES(56,14,'view_user','Can view مستخدم');
INSERT INTO auth_permission VALUES(57,15,'add_verificationcode','Can add رمز تحقق');
INSERT INTO auth_permission VALUES(58,15,'change_verificationcode','Can change رمز تحقق');
INSERT INTO auth_permission VALUES(59,15,'delete_verificationcode','Can delete رمز تحقق');
INSERT INTO auth_permission VALUES(60,15,'view_verificationcode','Can view رمز تحقق');
INSERT INTO auth_permission VALUES(61,16,'add_passwordresettoken','Can add توكن إعادة تعيين');
INSERT INTO auth_permission VALUES(62,16,'change_passwordresettoken','Can change توكن إعادة تعيين');
INSERT INTO auth_permission VALUES(63,16,'delete_passwordresettoken','Can delete توكن إعادة تعيين');
INSERT INTO auth_permission VALUES(64,16,'view_passwordresettoken','Can view توكن إعادة تعيين');
INSERT INTO auth_permission VALUES(65,17,'add_useractivity','Can add نشاط مستخدم');
INSERT INTO auth_permission VALUES(66,17,'change_useractivity','Can change نشاط مستخدم');
INSERT INTO auth_permission VALUES(67,17,'delete_useractivity','Can delete نشاط مستخدم');
INSERT INTO auth_permission VALUES(68,17,'view_useractivity','Can view نشاط مستخدم');
INSERT INTO auth_permission VALUES(69,18,'add_course','Can add مقرر');
INSERT INTO auth_permission VALUES(70,18,'change_course','Can change مقرر');
INSERT INTO auth_permission VALUES(71,18,'delete_course','Can delete مقرر');
INSERT INTO auth_permission VALUES(72,18,'view_course','Can view مقرر');
INSERT INTO auth_permission VALUES(73,19,'add_coursemajor','Can add ربط مقرر بتخصص');
INSERT INTO auth_permission VALUES(74,19,'change_coursemajor','Can change ربط مقرر بتخصص');
INSERT INTO auth_permission VALUES(75,19,'delete_coursemajor','Can delete ربط مقرر بتخصص');
INSERT INTO auth_permission VALUES(76,19,'view_coursemajor','Can view ربط مقرر بتخصص');
INSERT INTO auth_permission VALUES(77,20,'add_instructorcourse','Can add تعيين مدرس');
INSERT INTO auth_permission VALUES(78,20,'change_instructorcourse','Can change تعيين مدرس');
INSERT INTO auth_permission VALUES(79,20,'delete_instructorcourse','Can delete تعيين مدرس');
INSERT INTO auth_permission VALUES(80,20,'view_instructorcourse','Can view تعيين مدرس');
INSERT INTO auth_permission VALUES(81,21,'add_lecturefile','Can add ملف محاضرة');
INSERT INTO auth_permission VALUES(82,21,'change_lecturefile','Can change ملف محاضرة');
INSERT INTO auth_permission VALUES(83,21,'delete_lecturefile','Can delete ملف محاضرة');
INSERT INTO auth_permission VALUES(84,21,'view_lecturefile','Can view ملف محاضرة');
INSERT INTO auth_permission VALUES(85,22,'add_notification','Can add إشعار');
INSERT INTO auth_permission VALUES(86,22,'change_notification','Can change إشعار');
INSERT INTO auth_permission VALUES(87,22,'delete_notification','Can delete إشعار');
INSERT INTO auth_permission VALUES(88,22,'view_notification','Can view إشعار');
INSERT INTO auth_permission VALUES(89,23,'add_notificationrecipient','Can add مستلم إشعار');
INSERT INTO auth_permission VALUES(90,23,'change_notificationrecipient','Can change مستلم إشعار');
INSERT INTO auth_permission VALUES(91,23,'delete_notificationrecipient','Can delete مستلم إشعار');
INSERT INTO auth_permission VALUES(92,23,'view_notificationrecipient','Can view مستلم إشعار');
INSERT INTO auth_permission VALUES(93,24,'add_aisummary','Can add ملخص AI');
INSERT INTO auth_permission VALUES(94,24,'change_aisummary','Can change ملخص AI');
INSERT INTO auth_permission VALUES(95,24,'delete_aisummary','Can delete ملخص AI');
INSERT INTO auth_permission VALUES(96,24,'view_aisummary','Can view ملخص AI');
INSERT INTO auth_permission VALUES(97,25,'add_aigeneratedquestion','Can add سؤال AI');
INSERT INTO auth_permission VALUES(98,25,'change_aigeneratedquestion','Can change سؤال AI');
INSERT INTO auth_permission VALUES(99,25,'delete_aigeneratedquestion','Can delete سؤال AI');
INSERT INTO auth_permission VALUES(100,25,'view_aigeneratedquestion','Can view سؤال AI');
INSERT INTO auth_permission VALUES(101,26,'add_aichat','Can add محادثة AI');
INSERT INTO auth_permission VALUES(102,26,'change_aichat','Can change محادثة AI');
INSERT INTO auth_permission VALUES(103,26,'delete_aichat','Can delete محادثة AI');
INSERT INTO auth_permission VALUES(104,26,'view_aichat','Can view محادثة AI');
INSERT INTO auth_permission VALUES(105,27,'add_aiusagelog','Can add سجل استخدام AI');
INSERT INTO auth_permission VALUES(106,27,'change_aiusagelog','Can change سجل استخدام AI');
INSERT INTO auth_permission VALUES(107,27,'delete_aiusagelog','Can delete سجل استخدام AI');
INSERT INTO auth_permission VALUES(108,27,'view_aiusagelog','Can view سجل استخدام AI');
INSERT INTO auth_permission VALUES(109,28,'add_aigenerationjob','Can add عملية توليد AI');
INSERT INTO auth_permission VALUES(110,28,'change_aigenerationjob','Can change عملية توليد AI');
INSERT INTO auth_permission VALUES(111,28,'delete_aigenerationjob','Can delete عملية توليد AI');
INSERT INTO auth_permission VALUES(112,28,'view_aigenerationjob','Can view عملية توليد AI');
INSERT INTO auth_permission VALUES(113,29,'add_studentprogress','Can add تقدم طالب');
INSERT INTO auth_permission VALUES(114,29,'change_studentprogress','Can change تقدم طالب');
INSERT INTO auth_permission VALUES(115,29,'delete_studentprogress','Can delete تقدم طالب');
INSERT INTO auth_permission VALUES(116,29,'view_studentprogress','Can view تقدم طالب');
INSERT INTO auth_permission VALUES(117,30,'add_aiconfiguration','Can add إعدادات الذكاء الاصطناعي');
INSERT INTO auth_permission VALUES(118,30,'change_aiconfiguration','Can change إعدادات الذكاء الاصطناعي');
INSERT INTO auth_permission VALUES(119,30,'delete_aiconfiguration','Can delete إعدادات الذكاء الاصطناعي');
INSERT INTO auth_permission VALUES(120,30,'view_aiconfiguration','Can view إعدادات الذكاء الاصطناعي');
INSERT INTO auth_permission VALUES(121,31,'add_apikey','Can add مفتاح API');
INSERT INTO auth_permission VALUES(122,31,'change_apikey','Can change مفتاح API');
INSERT INTO auth_permission VALUES(123,31,'delete_apikey','Can delete مفتاح API');
INSERT INTO auth_permission VALUES(124,31,'view_apikey','Can view مفتاح API');
INSERT INTO auth_permission VALUES(125,32,'add_notificationpreference','Can add تفضيلات إشعارات');
INSERT INTO auth_permission VALUES(126,32,'change_notificationpreference','Can change تفضيلات إشعارات');
INSERT INTO auth_permission VALUES(127,32,'delete_notificationpreference','Can delete تفضيلات إشعارات');
INSERT INTO auth_permission VALUES(128,32,'view_notificationpreference','Can view تفضيلات إشعارات');
CREATE TABLE IF NOT EXISTS "auth_group" ("id" integer NOT NULL PRIMARY KEY , "name" varchar(150) NOT NULL UNIQUE);
CREATE TABLE IF NOT EXISTS "levels" ("id" integer NOT NULL PRIMARY KEY , "level_name" varchar(50) NOT NULL UNIQUE, "level_number" integer unsigned NOT NULL UNIQUE CHECK ("level_number" >= 0), "description" text NULL);
INSERT INTO levels VALUES(1,'المستوى 1',1,'المستوى الدراسي 1');
INSERT INTO levels VALUES(2,'المستوى 2',2,'المستوى الدراسي 2');
INSERT INTO levels VALUES(3,'المستوى 3',3,'المستوى الدراسي 3');
INSERT INTO levels VALUES(4,'المستوى 4',4,'المستوى الدراسي 4');
INSERT INTO levels VALUES(5,'المستوى 5',5,'المستوى الدراسي 5');
CREATE TABLE IF NOT EXISTS "majors" ("id" integer NOT NULL PRIMARY KEY , "major_name" varchar(100) NOT NULL UNIQUE, "description" text NULL, "is_active" bool NOT NULL, "created_at" datetime NOT NULL);
INSERT INTO majors VALUES(2,'نظم المعلومات','تخصص نظم المعلومات',1,'2026-02-06 02:15:25.526043');
INSERT INTO majors VALUES(5,'اداره اعمال','اداره الكتب والبوب والالال',1,'2026-02-07 21:11:40.169108');
INSERT INTO majors VALUES(6,'هندسه معماريه','يااااااحسيناه',1,'2026-02-07 21:13:14.682498');
CREATE TABLE IF NOT EXISTS "semesters" ("id" integer NOT NULL PRIMARY KEY , "name" varchar(100) NOT NULL UNIQUE, "academic_year" varchar(20) NOT NULL, "semester_number" integer unsigned NOT NULL CHECK ("semester_number" >= 0), "start_date" date NOT NULL, "end_date" date NOT NULL, "is_current" bool NOT NULL, "created_at" datetime NOT NULL);
INSERT INTO semesters VALUES(1,'الفصل الأول 1446','1445/1446',1,'2026-02-06','2026-06-06',1,'2026-02-06 02:15:25.710656');
INSERT INTO semesters VALUES(2,'الفصل الثاني 1446','1445/1446',2,'2026-06-07','2026-10-04',0,'2026-02-06 02:15:25.725472');
INSERT INTO semesters VALUES(3,'الفصل الثاني 1445','1444/1445',2,'2025-06-11','2025-10-09',0,'2026-02-06 02:15:25.743080');
CREATE TABLE IF NOT EXISTS "users" ("id" integer NOT NULL PRIMARY KEY , "password" varchar(128) NOT NULL, "is_superuser" bool NOT NULL, "academic_id" varchar(50) NOT NULL UNIQUE, "id_card_number" varchar(50) NOT NULL UNIQUE, "full_name" varchar(150) NOT NULL, "email" varchar(254) NULL UNIQUE, "account_status" varchar(20) NOT NULL, "is_staff" bool NOT NULL, "is_active" bool NOT NULL, "date_joined" datetime NOT NULL, "last_login" datetime NULL, "profile_picture" varchar(100) NULL, "phone_number" varchar(20) NULL, "level_id" bigint NULL REFERENCES "levels" ("id") DEFERRABLE INITIALLY DEFERRED, "major_id" bigint NULL REFERENCES "majors" ("id") DEFERRABLE INITIALLY DEFERRED, "role_id" bigint NULL REFERENCES "roles" ("id") DEFERRABLE INITIALLY DEFERRED);
INSERT INTO users VALUES(1,'pbkdf2_sha256$1000000$xgvRUXmIaaPlQQdaVHig4l$Q2+bhCNU8yxM6xOk8UzPf0Q1xQt2sgnQ3ICRBi8K0bA=',1,'admin','0000000000','مدير النظام',NULL,'active',1,1,'2026-01-26 03:26:44.558603','2026-01-26 23:24:34.621269','',NULL,NULL,NULL,1);
INSERT INTO users VALUES(3,'pbkdf2_sha256$1000000$cnncTWXy5fuDZnH6Ec8bo5$62xhWC4lJGxVmxVB8XJDfQRlbZxlZuFVr9mU01ua2Jo=',1,'123456','123456','mohanad',NULL,'active',1,1,'2026-02-06 02:08:34.478887','2026-02-06 02:09:33.797224','',NULL,NULL,NULL,NULL);
INSERT INTO users VALUES(7,'pbkdf2_sha256$1000000$MXwW8k3SguLzX78z54Ul3q$YeaeONTNYZ7YB8T8PqhhtI/BGI5N+WtKl0liSN+26wQ=',1,'123987','123987','مهند يوسف سيف سلام',NULL,'active',1,1,'2026-02-07 20:55:53.460953',NULL,'',NULL,NULL,NULL,NULL);
INSERT INTO users VALUES(9,'pbkdf2_sha256$1000000$8AAtGT7TpHayNODgo78Nkd$lSsGHvCJdcroUTxRZDl52CykuJvgySCS4cLOidLoAV0=',1,'456987','456987','مهند يوسف سيف',NULL,'active',1,1,'2026-02-07 21:07:28.092891','2026-02-09 22:23:23.448789','',NULL,NULL,NULL,NULL);
INSERT INTO users VALUES(10,'pbkdf2_sha256$1200000$CKV6vjehak1gurvXiZyQpF$Q5vaofMJEcv/JIxAkS1yatysflJci4yTP76NtF2K5ec=',0,'777999','739095','د مهند','m739095044@gmail.com','active',0,1,'2026-02-07 22:50:39.406292','2026-02-10 02:34:10.634781','',NULL,2,2,2);
INSERT INTO users VALUES(11,'pbkdf2_sha256$1000000$wH9uGAWgMC26g2ezW5TwWF$zMWL2aU33SafWATh1maEf+BxAvz56wZipvInymnVd2o=',0,'777888','776398','رياض','moain.mab1@gmail.com','active',0,1,'2026-02-07 23:14:13.899372','2026-02-09 22:16:04.431955','',NULL,2,2,3);
CREATE TABLE IF NOT EXISTS "users_groups" ("id" integer NOT NULL PRIMARY KEY , "user_id" bigint NOT NULL REFERENCES "users" ("id") DEFERRABLE INITIALLY DEFERRED, "group_id" integer NOT NULL REFERENCES "auth_group" ("id") DEFERRABLE INITIALLY DEFERRED);
CREATE TABLE IF NOT EXISTS "users_user_permissions" ("id" integer NOT NULL PRIMARY KEY , "user_id" bigint NOT NULL REFERENCES "users" ("id") DEFERRABLE INITIALLY DEFERRED, "permission_id" integer NOT NULL REFERENCES "auth_permission" ("id") DEFERRABLE INITIALLY DEFERRED);
INSERT INTO users_user_permissions VALUES(1,10,1);
INSERT INTO users_user_permissions VALUES(2,10,2);
INSERT INTO users_user_permissions VALUES(3,10,3);
INSERT INTO users_user_permissions VALUES(4,10,4);
INSERT INTO users_user_permissions VALUES(5,10,5);
INSERT INTO users_user_permissions VALUES(6,10,6);
INSERT INTO users_user_permissions VALUES(7,10,7);
INSERT INTO users_user_permissions VALUES(8,10,8);
INSERT INTO users_user_permissions VALUES(9,10,9);
INSERT INTO users_user_permissions VALUES(10,10,10);
INSERT INTO users_user_permissions VALUES(11,10,11);
INSERT INTO users_user_permissions VALUES(12,10,12);
INSERT INTO users_user_permissions VALUES(13,10,13);
INSERT INTO users_user_permissions VALUES(14,10,14);
INSERT INTO users_user_permissions VALUES(15,10,15);
INSERT INTO users_user_permissions VALUES(16,10,16);
INSERT INTO users_user_permissions VALUES(17,10,17);
INSERT INTO users_user_permissions VALUES(18,10,18);
INSERT INTO users_user_permissions VALUES(19,10,19);
INSERT INTO users_user_permissions VALUES(20,10,20);
INSERT INTO users_user_permissions VALUES(21,10,21);
INSERT INTO users_user_permissions VALUES(22,10,22);
INSERT INTO users_user_permissions VALUES(23,10,23);
INSERT INTO users_user_permissions VALUES(24,10,24);
INSERT INTO users_user_permissions VALUES(25,10,25);
INSERT INTO users_user_permissions VALUES(26,10,26);
INSERT INTO users_user_permissions VALUES(27,10,27);
INSERT INTO users_user_permissions VALUES(28,10,28);
INSERT INTO users_user_permissions VALUES(29,10,29);
INSERT INTO users_user_permissions VALUES(30,10,30);
INSERT INTO users_user_permissions VALUES(31,10,31);
INSERT INTO users_user_permissions VALUES(32,10,32);
INSERT INTO users_user_permissions VALUES(33,10,33);
INSERT INTO users_user_permissions VALUES(34,10,34);
INSERT INTO users_user_permissions VALUES(35,10,35);
INSERT INTO users_user_permissions VALUES(36,10,36);
INSERT INTO users_user_permissions VALUES(37,10,37);
INSERT INTO users_user_permissions VALUES(38,10,38);
INSERT INTO users_user_permissions VALUES(39,10,39);
INSERT INTO users_user_permissions VALUES(40,10,40);
INSERT INTO users_user_permissions VALUES(41,10,41);
INSERT INTO users_user_permissions VALUES(42,10,42);
INSERT INTO users_user_permissions VALUES(43,10,43);
INSERT INTO users_user_permissions VALUES(44,10,44);
INSERT INTO users_user_permissions VALUES(45,10,45);
INSERT INTO users_user_permissions VALUES(46,10,46);
INSERT INTO users_user_permissions VALUES(47,10,47);
INSERT INTO users_user_permissions VALUES(48,10,48);
INSERT INTO users_user_permissions VALUES(49,10,49);
INSERT INTO users_user_permissions VALUES(50,10,50);
INSERT INTO users_user_permissions VALUES(51,10,51);
INSERT INTO users_user_permissions VALUES(52,10,52);
INSERT INTO users_user_permissions VALUES(53,10,53);
INSERT INTO users_user_permissions VALUES(54,10,54);
INSERT INTO users_user_permissions VALUES(55,10,55);
INSERT INTO users_user_permissions VALUES(56,10,56);
INSERT INTO users_user_permissions VALUES(57,10,57);
INSERT INTO users_user_permissions VALUES(58,10,58);
INSERT INTO users_user_permissions VALUES(59,10,59);
INSERT INTO users_user_permissions VALUES(60,10,60);
INSERT INTO users_user_permissions VALUES(61,10,61);
INSERT INTO users_user_permissions VALUES(62,10,62);
INSERT INTO users_user_permissions VALUES(63,10,63);
INSERT INTO users_user_permissions VALUES(64,10,64);
INSERT INTO users_user_permissions VALUES(65,10,65);
INSERT INTO users_user_permissions VALUES(66,10,66);
INSERT INTO users_user_permissions VALUES(67,10,67);
INSERT INTO users_user_permissions VALUES(68,10,68);
INSERT INTO users_user_permissions VALUES(69,10,69);
INSERT INTO users_user_permissions VALUES(70,10,70);
INSERT INTO users_user_permissions VALUES(71,10,71);
INSERT INTO users_user_permissions VALUES(72,10,72);
INSERT INTO users_user_permissions VALUES(73,10,73);
INSERT INTO users_user_permissions VALUES(74,10,74);
INSERT INTO users_user_permissions VALUES(75,10,75);
INSERT INTO users_user_permissions VALUES(76,10,76);
INSERT INTO users_user_permissions VALUES(77,10,77);
INSERT INTO users_user_permissions VALUES(78,10,78);
INSERT INTO users_user_permissions VALUES(79,10,79);
INSERT INTO users_user_permissions VALUES(80,10,80);
INSERT INTO users_user_permissions VALUES(81,10,81);
INSERT INTO users_user_permissions VALUES(82,10,82);
INSERT INTO users_user_permissions VALUES(83,10,83);
INSERT INTO users_user_permissions VALUES(84,10,84);
INSERT INTO users_user_permissions VALUES(85,10,85);
INSERT INTO users_user_permissions VALUES(86,10,86);
INSERT INTO users_user_permissions VALUES(87,10,87);
INSERT INTO users_user_permissions VALUES(88,10,88);
INSERT INTO users_user_permissions VALUES(89,10,89);
INSERT INTO users_user_permissions VALUES(90,10,90);
INSERT INTO users_user_permissions VALUES(91,10,91);
INSERT INTO users_user_permissions VALUES(92,10,92);
INSERT INTO users_user_permissions VALUES(93,10,93);
INSERT INTO users_user_permissions VALUES(94,10,94);
INSERT INTO users_user_permissions VALUES(95,10,95);
INSERT INTO users_user_permissions VALUES(96,10,96);
INSERT INTO users_user_permissions VALUES(97,10,97);
INSERT INTO users_user_permissions VALUES(98,10,98);
INSERT INTO users_user_permissions VALUES(99,10,99);
INSERT INTO users_user_permissions VALUES(100,10,100);
INSERT INTO users_user_permissions VALUES(101,10,101);
INSERT INTO users_user_permissions VALUES(102,10,102);
INSERT INTO users_user_permissions VALUES(103,10,103);
INSERT INTO users_user_permissions VALUES(104,10,104);
INSERT INTO users_user_permissions VALUES(105,10,105);
INSERT INTO users_user_permissions VALUES(106,10,106);
INSERT INTO users_user_permissions VALUES(107,10,107);
INSERT INTO users_user_permissions VALUES(108,10,108);
INSERT INTO users_user_permissions VALUES(109,10,109);
INSERT INTO users_user_permissions VALUES(110,10,110);
INSERT INTO users_user_permissions VALUES(111,10,111);
INSERT INTO users_user_permissions VALUES(112,10,112);
INSERT INTO users_user_permissions VALUES(113,10,113);
INSERT INTO users_user_permissions VALUES(114,10,114);
INSERT INTO users_user_permissions VALUES(115,10,115);
INSERT INTO users_user_permissions VALUES(116,10,116);
CREATE TABLE IF NOT EXISTS "password_reset_tokens" ("id" integer NOT NULL PRIMARY KEY , "token" varchar(255) NOT NULL UNIQUE, "expires_at" datetime NOT NULL, "is_used" bool NOT NULL, "created_at" datetime NOT NULL, "user_id" bigint NOT NULL REFERENCES "users" ("id") DEFERRABLE INITIALLY DEFERRED);
CREATE TABLE IF NOT EXISTS "role_permissions" ("id" integer NOT NULL PRIMARY KEY , "permission_id" bigint NOT NULL REFERENCES "permissions" ("id") DEFERRABLE INITIALLY DEFERRED, "role_id" bigint NOT NULL REFERENCES "roles" ("id") DEFERRABLE INITIALLY DEFERRED);
INSERT INTO role_permissions VALUES(1,1,2);
INSERT INTO role_permissions VALUES(2,3,2);
INSERT INTO role_permissions VALUES(3,4,2);
INSERT INTO role_permissions VALUES(4,5,2);
INSERT INTO role_permissions VALUES(5,10,2);
INSERT INTO role_permissions VALUES(6,12,2);
INSERT INTO role_permissions VALUES(7,1,3);
INSERT INTO role_permissions VALUES(8,3,3);
INSERT INTO role_permissions VALUES(9,12,3);
INSERT INTO role_permissions VALUES(13,12,1);
INSERT INTO role_permissions VALUES(14,2,1);
INSERT INTO role_permissions VALUES(15,1,1);
INSERT INTO role_permissions VALUES(16,5,1);
INSERT INTO role_permissions VALUES(17,4,1);
INSERT INTO role_permissions VALUES(18,3,1);
INSERT INTO role_permissions VALUES(19,10,1);
INSERT INTO role_permissions VALUES(20,11,1);
INSERT INTO role_permissions VALUES(21,13,1);
INSERT INTO role_permissions VALUES(22,15,1);
INSERT INTO role_permissions VALUES(23,14,1);
INSERT INTO role_permissions VALUES(24,17,1);
INSERT INTO role_permissions VALUES(25,18,1);
INSERT INTO role_permissions VALUES(26,16,1);
INSERT INTO role_permissions VALUES(27,7,1);
INSERT INTO role_permissions VALUES(28,8,1);
INSERT INTO role_permissions VALUES(29,9,1);
INSERT INTO role_permissions VALUES(30,6,1);
CREATE TABLE IF NOT EXISTS "user_activity" ("id" integer NOT NULL PRIMARY KEY , "activity_type" varchar(50) NOT NULL, "description" text NULL, "ip_address" char(39) NULL, "user_agent" text NULL, "activity_time" datetime NOT NULL, "file_id" integer unsigned NULL CHECK ("file_id" >= 0), "user_id" bigint NOT NULL REFERENCES "users" ("id") DEFERRABLE INITIALLY DEFERRED);
INSERT INTO user_activity VALUES(1,'login',NULL,'127.0.0.1','Mozilla/5.0 (Windows NT 10.0; Win64; x64) AppleWebKit/537.36 (KHTML, like Gecko) Chrome/144.0.0.0 Safari/537.36','2026-01-26 03:30:32.260545',NULL,1);
INSERT INTO user_activity VALUES(2,'login',NULL,'127.0.0.1','Mozilla/5.0 (Windows NT 10.0; Win64; x64) AppleWebKit/537.36 (KHTML, like Gecko) Chrome/144.0.0.0 Safari/537.36 Edg/144.0.0.0','2026-01-26 04:40:10.614457',NULL,1);
INSERT INTO user_activity VALUES(3,'logout',NULL,'127.0.0.1','Mozilla/5.0 (Windows NT 10.0; Win64; x64) AppleWebKit/537.36 (KHTML, like Gecko) Chrome/144.0.0.0 Safari/537.36 Edg/144.0.0.0','2026-01-26 04:56:14.148332',NULL,1);
INSERT INTO user_activity VALUES(4,'login',NULL,'127.0.0.1','Mozilla/5.0 (Windows NT 10.0; Win64; x64) AppleWebKit/537.36 (KHTML, like Gecko) Chrome/144.0.0.0 Safari/537.36 Edg/144.0.0.0','2026-01-26 04:56:23.994859',NULL,1);
INSERT INTO user_activity VALUES(5,'login',NULL,'127.0.0.1','Mozilla/5.0 (Windows NT 10.0; Win64; x64) AppleWebKit/537.36 (KHTML, like Gecko) Chrome/144.0.0.0 Safari/537.36','2026-01-26 05:26:11.412164',NULL,1);
INSERT INTO user_activity VALUES(6,'logout',NULL,'127.0.0.1','Mozilla/5.0 (Windows NT 10.0; Win64; x64) AppleWebKit/537.36 (KHTML, like Gecko) Chrome/143.0.0.0 Safari/537.36','2026-01-26 23:17:52.254441',NULL,1);
INSERT INTO user_activity VALUES(7,'logout',NULL,'127.0.0.1','Mozilla/5.0 (Windows NT 10.0; Win64; x64) AppleWebKit/537.36 (KHTML, like Gecko) Chrome/143.0.0.0 Safari/537.36','2026-01-26 23:19:33.713671',NULL,1);
INSERT INTO user_activity VALUES(12,'login',NULL,'127.0.0.1','Mozilla/5.0 (Windows NT 10.0; Win64; x64) AppleWebKit/537.36 (KHTML, like Gecko) Chrome/144.0.0.0 Safari/537.36','2026-02-07 22:54:34.826381',NULL,10);
INSERT INTO user_activity VALUES(13,'login',NULL,'127.0.0.1','Mozilla/5.0 (Windows NT 10.0; Win64; x64) AppleWebKit/537.36 (KHTML, like Gecko) Chrome/144.0.0.0 Safari/537.36','2026-02-07 23:01:19.258347',NULL,10);
INSERT INTO user_activity VALUES(14,'upload','رفع ملف: محاضره عن تعلم الحاسوب','127.0.0.1',NULL,'2026-02-07 23:05:33.480342',2,10);
INSERT INTO user_activity VALUES(15,'login',NULL,'127.0.0.1','Mozilla/5.0 (Windows NT 10.0; Win64; x64) AppleWebKit/537.36 (KHTML, like Gecko) Chrome/144.0.0.0 Safari/537.36','2026-02-07 23:19:24.983122',NULL,11);
INSERT INTO user_activity VALUES(16,'login',NULL,'127.0.0.1','Mozilla/5.0 (Windows NT 10.0; Win64; x64) AppleWebKit/537.36 (KHTML, like Gecko) Chrome/144.0.0.0 Safari/537.36','2026-02-08 00:08:29.833813',NULL,10);
INSERT INTO user_activity VALUES(17,'logout',NULL,'127.0.0.1','Mozilla/5.0 (Windows NT 10.0; Win64; x64) AppleWebKit/537.36 (KHTML, like Gecko) Chrome/144.0.0.0 Safari/537.36','2026-02-08 00:27:46.444245',NULL,10);
INSERT INTO user_activity VALUES(18,'login',NULL,'127.0.0.1','Mozilla/5.0 (Windows NT 10.0; Win64; x64) AppleWebKit/537.36 (KHTML, like Gecko) Chrome/144.0.0.0 Safari/537.36','2026-02-08 00:29:18.672904',NULL,11);
INSERT INTO user_activity VALUES(19,'login',NULL,'127.0.0.1','Mozilla/5.0 (Windows NT 10.0; Win64; x64) AppleWebKit/537.36 (KHTML, like Gecko) Chrome/144.0.0.0 Safari/537.36 Edg/144.0.0.0','2026-02-08 01:57:10.093275',NULL,9);
INSERT INTO user_activity VALUES(20,'login',NULL,'127.0.0.1','Mozilla/5.0 (Windows NT 10.0; Win64; x64) AppleWebKit/537.36 (KHTML, like Gecko) Chrome/144.0.0.0 Safari/537.36 Edg/144.0.0.0','2026-02-08 02:11:02.584853',NULL,9);
INSERT INTO user_activity VALUES(21,'login',NULL,'127.0.0.1','Mozilla/5.0 (Windows NT 10.0; Win64; x64) AppleWebKit/537.36 (KHTML, like Gecko) Chrome/144.0.0.0 Safari/537.36 Edg/144.0.0.0','2026-02-08 02:18:53.460402',NULL,9);
INSERT INTO user_activity VALUES(22,'login',NULL,'127.0.0.1','Mozilla/5.0 (Windows NT 10.0; Win64; x64) AppleWebKit/537.36 (KHTML, like Gecko) Chrome/144.0.0.0 Safari/537.36','2026-02-08 02:49:52.891092',NULL,10);
INSERT INTO user_activity VALUES(23,'login',NULL,'127.0.0.1','Mozilla/5.0 (Windows NT 10.0; Win64; x64) AppleWebKit/537.36 (KHTML, like Gecko) Chrome/144.0.0.0 Safari/537.36','2026-02-08 03:06:29.123623',NULL,10);
INSERT INTO user_activity VALUES(24,'login',NULL,'127.0.0.1','Mozilla/5.0 (Windows NT 10.0; Win64; x64) AppleWebKit/537.36 (KHTML, like Gecko) Chrome/144.0.0.0 Safari/537.36','2026-02-08 03:37:52.337875',NULL,10);
INSERT INTO user_activity VALUES(25,'login',NULL,'127.0.0.1','Mozilla/5.0 (Windows NT 10.0; Win64; x64) AppleWebKit/537.36 (KHTML, like Gecko) Chrome/144.0.0.0 Safari/537.36','2026-02-08 06:13:23.498240',NULL,9);
INSERT INTO user_activity VALUES(26,'login',NULL,'127.0.0.1','Mozilla/5.0 (Windows NT 10.0; Win64; x64) AppleWebKit/537.36 (KHTML, like Gecko) Chrome/144.0.0.0 Safari/537.36','2026-02-08 06:29:45.660137',NULL,10);
INSERT INTO user_activity VALUES(27,'upload','رفع ملف: نماثمنيامسنشاي','127.0.0.1',NULL,'2026-02-08 06:35:04.202378',3,10);
INSERT INTO user_activity VALUES(28,'login',NULL,'127.0.0.1','Mozilla/5.0 (Windows NT 10.0; Win64; x64) AppleWebKit/537.36 (KHTML, like Gecko) Chrome/144.0.0.0 Safari/537.36 Edg/144.0.0.0','2026-02-08 06:53:52.858432',NULL,11);
INSERT INTO user_activity VALUES(29,'login',NULL,'127.0.0.1','Mozilla/5.0 (Windows NT 10.0; Win64; x64) AppleWebKit/537.36 (KHTML, like Gecko) Chrome/144.0.0.0 Safari/537.36','2026-02-08 07:56:32.896773',NULL,9);
INSERT INTO user_activity VALUES(30,'view','غرفة الدراسة: db','127.0.0.1',NULL,'2026-02-08 08:06:17.492042',4,11);
INSERT INTO user_activity VALUES(31,'view','غرفة الدراسة: db','127.0.0.1',NULL,'2026-02-08 08:07:54.243715',4,11);
INSERT INTO user_activity VALUES(32,'login',NULL,'127.0.0.1','Mozilla/5.0 (Windows NT 10.0; Win64; x64) AppleWebKit/537.36 (KHTML, like Gecko) Chrome/144.0.0.0 Safari/537.36','2026-02-08 08:15:38.195903',NULL,11);
INSERT INTO user_activity VALUES(33,'view','غرفة الدراسة: db','127.0.0.1',NULL,'2026-02-08 08:16:17.273807',4,11);
INSERT INTO user_activity VALUES(34,'logout',NULL,'127.0.0.1','Mozilla/5.0 (Windows NT 10.0; Win64; x64) AppleWebKit/537.36 (KHTML, like Gecko) Chrome/144.0.0.0 Safari/537.36 Edg/144.0.0.0','2026-02-08 08:22:10.868122',NULL,11);
INSERT INTO user_activity VALUES(35,'login',NULL,'127.0.0.1','Mozilla/5.0 (Windows NT 10.0; Win64; x64) AppleWebKit/537.36 (KHTML, like Gecko) Chrome/144.0.0.0 Safari/537.36 Edg/144.0.0.0','2026-02-08 08:24:43.666074',NULL,9);
INSERT INTO user_activity VALUES(36,'view','غرفة الدراسة: db2','127.0.0.1',NULL,'2026-02-08 08:27:59.180484',5,11);
INSERT INTO user_activity VALUES(37,'view','غرفة الدراسة: db2','127.0.0.1',NULL,'2026-02-08 08:33:26.129989',5,11);
INSERT INTO user_activity VALUES(38,'view','غرفة الدراسة: db2','127.0.0.1',NULL,'2026-02-08 08:33:52.934244',5,11);
INSERT INTO user_activity VALUES(39,'download','تحميل ملف: db2','127.0.0.1',NULL,'2026-02-08 08:35:12.708006',5,11);
INSERT INTO user_activity VALUES(40,'download','تحميل ملف: db2','127.0.0.1',NULL,'2026-02-08 08:35:23.130196',5,11);
INSERT INTO user_activity VALUES(41,'view','غرفة الدراسة: db','127.0.0.1',NULL,'2026-02-08 08:35:27.664156',4,11);
INSERT INTO user_activity VALUES(42,'view','غرفة الدراسة: db2','127.0.0.1',NULL,'2026-02-08 09:15:01.485977',5,11);
INSERT INTO user_activity VALUES(43,'logout',NULL,'127.0.0.1','Mozilla/5.0 (Windows NT 10.0; Win64; x64) AppleWebKit/537.36 (KHTML, like Gecko) Chrome/144.0.0.0 Safari/537.36','2026-02-08 09:17:58.155986',NULL,11);
INSERT INTO user_activity VALUES(44,'login',NULL,'127.0.0.1','Mozilla/5.0 (Windows NT 10.0; Win64; x64) AppleWebKit/537.36 (KHTML, like Gecko) Chrome/144.0.0.0 Safari/537.36','2026-02-08 09:18:19.346223',NULL,10);
INSERT INTO user_activity VALUES(45,'login',NULL,'127.0.0.1','Mozilla/5.0 (Windows NT 10.0; Win64; x64) AppleWebKit/537.36 (KHTML, like Gecko) Chrome/144.0.0.0 Safari/537.36 Edg/144.0.0.0','2026-02-08 20:56:19.769496',NULL,10);
INSERT INTO user_activity VALUES(46,'login',NULL,'127.0.0.1','Mozilla/5.0 (Windows NT 10.0; Win64; x64) AppleWebKit/537.36 (KHTML, like Gecko) Chrome/144.0.0.0 Safari/537.36','2026-02-08 21:01:24.106850',NULL,11);
INSERT INTO user_activity VALUES(47,'view','غرفة الدراسة: db','127.0.0.1',NULL,'2026-02-08 21:02:24.982966',4,11);
INSERT INTO user_activity VALUES(48,'logout',NULL,'127.0.0.1','Mozilla/5.0 (Windows NT 10.0; Win64; x64) AppleWebKit/537.36 (KHTML, like Gecko) Chrome/144.0.0.0 Safari/537.36 Edg/144.0.0.0','2026-02-08 21:06:21.126535',NULL,10);
INSERT INTO user_activity VALUES(49,'login',NULL,'127.0.0.1','Mozilla/5.0 (Windows NT 10.0; Win64; x64) AppleWebKit/537.36 (KHTML, like Gecko) Chrome/144.0.0.0 Safari/537.36 Edg/144.0.0.0','2026-02-08 21:06:58.961548',NULL,9);
INSERT INTO user_activity VALUES(50,'view','غرفة الدراسة: db','127.0.0.1',NULL,'2026-02-08 22:31:13.298408',4,11);
INSERT INTO user_activity VALUES(51,'login',NULL,'127.0.0.1','Mozilla/5.0 (Windows NT 10.0; Win64; x64) AppleWebKit/537.36 (KHTML, like Gecko) Chrome/144.0.0.0 Safari/537.36 Edg/144.0.0.0','2026-02-08 23:25:30.521541',NULL,10);
INSERT INTO user_activity VALUES(52,'login',NULL,'127.0.0.1','Mozilla/5.0 (Windows NT 10.0; Win64; x64) AppleWebKit/537.36 (KHTML, like Gecko) Chrome/144.0.0.0 Safari/537.36','2026-02-09 00:07:10.342744',NULL,10);
INSERT INTO user_activity VALUES(53,'login',NULL,'127.0.0.1','Mozilla/5.0 (Windows NT 10.0; Win64; x64) AppleWebKit/537.36 (KHTML, like Gecko) Chrome/144.0.0.0 Safari/537.36 Edg/144.0.0.0','2026-02-09 00:37:15.757226',NULL,10);
INSERT INTO user_activity VALUES(54,'login',NULL,'127.0.0.1','Mozilla/5.0 (Windows NT 10.0; Win64; x64) AppleWebKit/537.36 (KHTML, like Gecko) Chrome/144.0.0.0 Safari/537.36','2026-02-09 01:17:38.667007',NULL,11);
INSERT INTO user_activity VALUES(55,'logout',NULL,'127.0.0.1','Mozilla/5.0 (Windows NT 10.0; Win64; x64) AppleWebKit/537.36 (KHTML, like Gecko) Chrome/144.0.0.0 Safari/537.36','2026-02-09 01:18:18.596828',NULL,10);
INSERT INTO user_activity VALUES(56,'login',NULL,'127.0.0.1','Mozilla/5.0 (Windows NT 10.0; Win64; x64) AppleWebKit/537.36 (KHTML, like Gecko) Chrome/144.0.0.0 Safari/537.36','2026-02-09 01:18:31.791535',NULL,11);
INSERT INTO user_activity VALUES(57,'login',NULL,'127.0.0.1','Mozilla/5.0 (Windows NT 10.0; Win64; x64) AppleWebKit/537.36 (KHTML, like Gecko) Chrome/144.0.0.0 Safari/537.36 Edg/144.0.0.0','2026-02-09 21:20:24.688379',NULL,9);
INSERT INTO user_activity VALUES(58,'login',NULL,'127.0.0.1','Mozilla/5.0 (Windows NT 10.0; Win64; x64) AppleWebKit/537.36 (KHTML, like Gecko) Chrome/144.0.0.0 Safari/537.36 Edg/144.0.0.0','2026-02-09 22:16:04.486246',NULL,11);
INSERT INTO user_activity VALUES(59,'logout',NULL,'127.0.0.1','Mozilla/5.0 (Windows NT 10.0; Win64; x64) AppleWebKit/537.36 (KHTML, like Gecko) Chrome/144.0.0.0 Safari/537.36 Edg/144.0.0.0','2026-02-09 22:23:05.379749',NULL,11);
INSERT INTO user_activity VALUES(60,'login',NULL,'127.0.0.1','Mozilla/5.0 (Windows NT 10.0; Win64; x64) AppleWebKit/537.36 (KHTML, like Gecko) Chrome/144.0.0.0 Safari/537.36 Edg/144.0.0.0','2026-02-09 22:23:23.465074',NULL,9);
INSERT INTO user_activity VALUES(61,'login',NULL,'10.64.220.220','Mozilla/5.0 (Windows NT 10.0; Win64; x64) AppleWebKit/537.36 (KHTML, like Gecko) Chrome/144.0.0.0 Safari/537.36','2026-02-10 01:39:28.293985',NULL,10);
INSERT INTO user_activity VALUES(62,'login',NULL,'10.64.128.140','Mozilla/5.0 (Windows NT 10.0; Win64; x64) AppleWebKit/537.36 (KHTML, like Gecko) Chrome/144.0.0.0 Safari/537.36','2026-02-10 02:34:10.642438',NULL,10);
CREATE TABLE IF NOT EXISTS "verification_codes" ("id" integer NOT NULL PRIMARY KEY , "code" varchar(10) NOT NULL, "email" varchar(254) NOT NULL, "expires_at" datetime NOT NULL, "is_used" bool NOT NULL, "created_at" datetime NOT NULL, "attempts" integer unsigned NOT NULL CHECK ("attempts" >= 0), "user_id" bigint NOT NULL REFERENCES "users" ("id") DEFERRABLE INITIALLY DEFERRED);
INSERT INTO verification_codes VALUES(2,'161910','m739095044@gmail.com','2026-02-07 23:02:48.539016',1,'2026-02-07 22:52:48.539695',0,10);
CREATE TABLE IF NOT EXISTS "django_admin_log" ("id" integer NOT NULL PRIMARY KEY , "object_id" text NULL, "object_repr" varchar(200) NOT NULL, "action_flag" smallint unsigned NOT NULL CHECK ("action_flag" >= 0), "change_message" text NOT NULL, "content_type_id" integer NULL REFERENCES "django_content_type" ("id") DEFERRABLE INITIALLY DEFERRED, "user_id" bigint NOT NULL REFERENCES "users" ("id") DEFERRABLE INITIALLY DEFERRED, "action_time" datetime NOT NULL);
INSERT INTO django_admin_log VALUES(1,'4','مندوب',1,'[{"added": {}}]',8,1,'2026-01-26 23:26:09.634004');
INSERT INTO django_admin_log VALUES(2,'10','مندوب - استخدام الذكاء الاصطناعي (use_ai_features)',1,'[{"added": {}}]',10,1,'2026-01-26 23:26:57.915870');
INSERT INTO django_admin_log VALUES(3,'10','مندوب - إدارة المقررات (manage_courses)',2,'[{"changed": {"fields": ["\u0627\u0644\u0635\u0644\u0627\u062d\u064a\u0629"]}}]',10,1,'2026-01-26 23:27:11.739478');
INSERT INTO django_admin_log VALUES(4,'10','مندوب - عرض المقررات (view_courses)',2,'[{"changed": {"fields": ["\u0627\u0644\u0635\u0644\u0627\u062d\u064a\u0629"]}}]',10,1,'2026-01-26 23:27:27.582799');
INSERT INTO django_admin_log VALUES(5,'11','مندوب - استيراد المستخدمين (import_users)',1,'[{"added": {}}]',10,1,'2026-01-26 23:27:59.169576');
INSERT INTO django_admin_log VALUES(6,'2','مهند يوسف سيف سلام (20261)',2,'[{"changed": {"fields": ["\u0627\u0644\u062f\u0648\u0631"]}}]',14,1,'2026-01-26 23:28:15.506066');
INSERT INTO django_admin_log VALUES(7,'2','مهند يوسف سيف سلام (20261)',2,'[{"changed": {"fields": ["\u0627\u0644\u062f\u0648\u0631"]}}]',14,1,'2026-01-26 23:29:57.010547');
INSERT INTO django_admin_log VALUES(8,'2','مهند يوسف سيف سلام (20261)',2,'[{"changed": {"fields": ["\u0627\u0644\u062f\u0648\u0631"]}}]',14,1,'2026-01-26 23:30:45.326638');
INSERT INTO django_admin_log VALUES(9,'12','مندوب - عرض الملفات (view_files)',1,'[{"added": {}}]',10,1,'2026-01-26 23:32:20.083885');
INSERT INTO django_admin_log VALUES(10,'2','مهند يوسف سيف سلام (20261)',2,'[{"changed": {"fields": ["\u0627\u0644\u062f\u0648\u0631"]}}]',14,1,'2026-01-26 23:33:31.266294');
INSERT INTO django_admin_log VALUES(11,'4','مندوب',3,'',8,9,'2026-02-07 21:09:15.627251');
INSERT INTO django_admin_log VALUES(12,'4','الذكاء الاصطناعي',3,'',11,9,'2026-02-07 21:09:44.704194');
INSERT INTO django_admin_log VALUES(13,'1','علوم الحاسب',3,'',11,9,'2026-02-07 21:09:44.704242');
INSERT INTO django_admin_log VALUES(14,'3','هندسة البرمجيات',3,'',11,9,'2026-02-07 21:09:44.704266');
INSERT INTO django_admin_log VALUES(15,'5','اداره اعمال',1,'[{"added": {}}]',11,9,'2026-02-07 21:11:40.171621');
INSERT INTO django_admin_log VALUES(16,'6','هندسه معماريه',1,'[{"added": {}}]',11,9,'2026-02-07 21:13:14.684601');
INSERT INTO django_admin_log VALUES(17,'1','CS401 - هندسة البرمجيات',3,'',18,9,'2026-02-07 21:14:37.874171');
INSERT INTO django_admin_log VALUES(18,'2','CS402 - مشروع التخرج',3,'',18,9,'2026-02-07 21:14:37.874225');
INSERT INTO django_admin_log VALUES(19,'6','المستوى 6',3,'',12,9,'2026-02-07 21:20:50.949975');
INSERT INTO django_admin_log VALUES(20,'7','المستوى 7',3,'',12,9,'2026-02-07 21:20:50.950020');
INSERT INTO django_admin_log VALUES(21,'8','المستوى 8',3,'',12,9,'2026-02-07 21:20:50.950044');
INSERT INTO django_admin_log VALUES(22,'1','المستوى 1',2,'[]',12,9,'2026-02-07 21:22:31.083339');
INSERT INTO django_admin_log VALUES(23,'8','مهند يوسف سيف سلام (159753)',3,'',14,9,'2026-02-07 22:06:39.112877');
INSERT INTO django_admin_log VALUES(24,'6','محمد خالد (202001)',3,'',14,9,'2026-02-07 22:06:39.112959');
INSERT INTO django_admin_log VALUES(25,'5','عبدالله سعد (202101)',3,'',14,9,'2026-02-07 22:06:39.113006');
INSERT INTO django_admin_log VALUES(26,'2','مهند يوسف سيف سلام (20261)',3,'',14,9,'2026-02-07 22:06:39.113046');
INSERT INTO django_admin_log VALUES(27,'4','د. أحمد محمد (inst001)',3,'',14,9,'2026-02-07 22:06:39.113086');
INSERT INTO django_admin_log VALUES(28,'10','مهند مدرس (739095)',1,'[{"added": {}}]',14,9,'2026-02-07 22:50:41.803845');
INSERT INTO django_admin_log VALUES(29,'3','003 - دوره حاسوب',1,'[{"added": {}}, {"added": {"name": "\u0631\u0628\u0637 \u0645\u0642\u0631\u0631 \u0628\u062a\u062e\u0635\u0635", "object": "003 - \u0646\u0638\u0645 \u0627\u0644\u0645\u0639\u0644\u0648\u0645\u0627\u062a"}}, {"added": {"name": "\u062a\u0639\u064a\u064a\u0646 \u0645\u062f\u0631\u0633", "object": "\u0645\u0647\u0646\u062f \u0645\u062f\u0631\u0633 - 003"}}]',18,9,'2026-02-07 23:00:06.460637');
INSERT INTO django_admin_log VALUES(30,'11','مهند ''طالب (776398)',1,'[{"added": {}}]',14,9,'2026-02-07 23:14:14.980834');
INSERT INTO django_admin_log VALUES(31,'11','مهند ''طالب (776398)',2,'[{"changed": {"fields": ["\u0627\u0644\u0628\u0631\u064a\u062f \u0627\u0644\u0625\u0644\u0643\u062a\u0631\u0648\u0646\u064a", "\u062d\u0627\u0644\u0629 \u0627\u0644\u062d\u0633\u0627\u0628"]}}]',14,9,'2026-02-07 23:14:47.368668');
INSERT INTO django_admin_log VALUES(32,'4','004 - عالم البرومبيت',1,'[{"added": {}}, {"added": {"name": "\u0631\u0628\u0637 \u0645\u0642\u0631\u0631 \u0628\u062a\u062e\u0635\u0635", "object": "004 - \u0647\u0646\u062f\u0633\u0647 \u0645\u0639\u0645\u0627\u0631\u064a\u0647"}}, {"added": {"name": "\u062a\u0639\u064a\u064a\u0646 \u0645\u062f\u0631\u0633", "object": "\u0645\u0647\u0646\u062f \u0645\u062f\u0631\u0633 - 004"}}]',18,9,'2026-02-07 23:17:41.330760');
INSERT INTO django_admin_log VALUES(33,'10','مهند مدرس (739095)',2,'[{"changed": {"fields": ["password"]}}]',14,9,'2026-02-08 02:22:57.854092');
INSERT INTO django_admin_log VALUES(34,'10','مهند مدرس (739095)',2,'[]',14,9,'2026-02-08 02:23:06.301426');
INSERT INTO django_admin_log VALUES(35,'11','مهند ''طالب (776398)',2,'[{"changed": {"fields": ["password"]}}]',14,9,'2026-02-08 05:46:32.084900');
INSERT INTO django_admin_log VALUES(36,'11','رياض (777888)',2,'[{"changed": {"fields": ["\u0627\u0644\u0631\u0642\u0645 \u0627\u0644\u0623\u0643\u0627\u062f\u064a\u0645\u064a/\u0627\u0644\u0648\u0638\u064a\u0641\u064a", "\u0627\u0644\u0627\u0633\u0645 \u0627\u0644\u0643\u0627\u0645\u0644", "\u0627\u0644\u062a\u062e\u0635\u0635"]}}]',14,9,'2026-02-08 06:15:02.627395');
INSERT INTO django_admin_log VALUES(37,'11','رياض (777888)',2,'[{"changed": {"fields": ["password"]}}]',14,9,'2026-02-08 06:16:08.798849');
INSERT INTO django_admin_log VALUES(38,'11','رياض (777888)',2,'[]',14,9,'2026-02-08 06:16:11.509273');
INSERT INTO django_admin_log VALUES(39,'10','مهند مدرس (739095)',2,'[{"changed": {"fields": ["password"]}}]',14,9,'2026-02-08 06:17:23.002904');
INSERT INTO django_admin_log VALUES(40,'10','مهند مدرس (739095)',2,'[{"changed": {"fields": ["\u0627\u0644\u062a\u062e\u0635\u0635", "\u0627\u0644\u0645\u0633\u062a\u0648\u0649", "User permissions"]}}]',14,9,'2026-02-08 06:19:38.441631');
INSERT INTO django_admin_log VALUES(41,'10','د مهند (777999)',2,'[{"changed": {"fields": ["\u0627\u0644\u0631\u0642\u0645 \u0627\u0644\u0623\u0643\u0627\u062f\u064a\u0645\u064a/\u0627\u0644\u0648\u0638\u064a\u0641\u064a", "\u0627\u0644\u0627\u0633\u0645 \u0627\u0644\u0643\u0627\u0645\u0644"]}}]',14,9,'2026-02-08 06:20:22.628547');
INSERT INTO django_admin_log VALUES(42,'2','دكتور',2,'[{"changed": {"fields": ["\u0627\u0633\u0645 \u0627\u0644\u0639\u0631\u0636"]}}]',8,9,'2026-02-08 06:20:42.450791');
INSERT INTO django_admin_log VALUES(43,'1','Summary for محاضره عن تعلم الحاسوب',1,'[{"added": {}}]',24,9,'2026-02-08 06:21:58.519001');
INSERT INTO django_admin_log VALUES(44,'4','متاشستنءل',1,'[{"added": {}}]',22,9,'2026-02-08 06:27:03.087831');
INSERT INTO django_admin_log VALUES(45,'4','متاشستنءل',2,'[{"changed": {"fields": ["\u0627\u0644\u0645\u0642\u0631\u0631 \u0627\u0644\u0645\u0631\u062a\u0628\u0637"]}}]',22,9,'2026-02-08 06:27:29.612125');
INSERT INTO django_admin_log VALUES(46,'3','003 - دوره حاسوب',2,'[]',18,9,'2026-02-08 08:00:02.852643');
INSERT INTO django_admin_log VALUES(47,'3','003 - دوره حاسوب',2,'[{"added": {"name": "\u0631\u0628\u0637 \u0645\u0642\u0631\u0631 \u0628\u062a\u062e\u0635\u0635", "object": "003 - \u0627\u062f\u0627\u0631\u0647 \u0627\u0639\u0645\u0627\u0644"}}, {"added": {"name": "\u0631\u0628\u0637 \u0645\u0642\u0631\u0631 \u0628\u062a\u062e\u0635\u0635", "object": "003 - \u0647\u0646\u062f\u0633\u0647 \u0645\u0639\u0645\u0627\u0631\u064a\u0647"}}]',18,9,'2026-02-08 08:00:55.777626');
INSERT INTO django_admin_log VALUES(48,'5','005 - دوره حاسوب2',1,'[{"added": {}}, {"added": {"name": "\u062a\u0639\u064a\u064a\u0646 \u0645\u062f\u0631\u0633", "object": "\u062f \u0645\u0647\u0646\u062f - 005"}}]',18,9,'2026-02-08 08:03:04.652335');
INSERT INTO django_admin_log VALUES(49,'7','005 - نظم المعلومات',1,'[{"added": {}}]',19,9,'2026-02-08 08:03:26.848128');
INSERT INTO django_admin_log VALUES(50,'4','db - 005',1,'[{"added": {}}]',21,9,'2026-02-08 08:05:43.300747');
INSERT INTO django_admin_log VALUES(51,'5','db2 - 005',1,'[{"added": {}}]',21,9,'2026-02-08 08:27:20.535356');
INSERT INTO django_admin_log VALUES(52,'5','db2 - 005',2,'[{"changed": {"fields": ["\u0627\u0644\u0645\u0644\u0641 \u0627\u0644\u0645\u062d\u0644\u064a"]}}]',21,9,'2026-02-08 08:33:16.923655');
INSERT INTO django_admin_log VALUES(53,'9','مهند يوسف سيف (456987)',2,'[{"changed": {"fields": ["\u062d\u0627\u0644\u0629 \u0627\u0644\u062d\u0633\u0627\u0628"]}}]',14,9,'2026-02-09 22:23:54.069082');
INSERT INTO django_admin_log VALUES(54,'9','مهند يوسف سيف (456987)',2,'[{"changed": {"fields": ["\u062d\u0627\u0644\u0629 \u0627\u0644\u062d\u0633\u0627\u0628"]}}]',14,9,'2026-02-09 22:24:01.789445');
CREATE TABLE IF NOT EXISTS "courses" ("id" integer NOT NULL PRIMARY KEY , "course_name" varchar(150) NOT NULL, "course_code" varchar(20) NOT NULL UNIQUE, "description" text NULL, "credit_hours" integer unsigned NOT NULL CHECK ("credit_hours" >= 0), "is_active" bool NOT NULL, "created_at" datetime NOT NULL, "updated_at" datetime NOT NULL, "level_id" bigint NOT NULL REFERENCES "levels" ("id") DEFERRABLE INITIALLY DEFERRED, "semester_id" bigint NOT NULL REFERENCES "semesters" ("id") DEFERRABLE INITIALLY DEFERRED);
INSERT INTO courses VALUES(3,'دوره حاسوب','003','هذا ليتعلم الطالب تمارين الحاسوب',3,1,'2026-02-07 23:00:06.450491','2026-02-08 08:00:55.773563',2,2);
INSERT INTO courses VALUES(4,'عالم البرومبيت','004','اتن',3,1,'2026-02-07 23:17:41.326890','2026-02-07 23:17:41.326927',2,1);
INSERT INTO courses VALUES(5,'دوره حاسوب2','005','',3,1,'2026-02-08 08:03:04.648736','2026-02-08 08:03:04.648794',2,1);
CREATE TABLE IF NOT EXISTS "course_majors" ("id" integer NOT NULL PRIMARY KEY , "created_at" datetime NOT NULL, "course_id" bigint NOT NULL REFERENCES "courses" ("id") DEFERRABLE INITIALLY DEFERRED, "major_id" bigint NOT NULL REFERENCES "majors" ("id") DEFERRABLE INITIALLY DEFERRED);
INSERT INTO course_majors VALUES(3,'2026-02-07 23:00:06.455486',3,2);
INSERT INTO course_majors VALUES(4,'2026-02-07 23:17:41.329468',4,6);
INSERT INTO course_majors VALUES(5,'2026-02-08 08:00:55.775518',3,5);
INSERT INTO course_majors VALUES(6,'2026-02-08 08:00:55.776947',3,6);
INSERT INTO course_majors VALUES(7,'2026-02-08 08:03:26.842958',5,2);
CREATE TABLE IF NOT EXISTS "instructor_courses" ("id" integer NOT NULL PRIMARY KEY , "assigned_date" date NOT NULL, "is_primary" bool NOT NULL, "course_id" bigint NOT NULL REFERENCES "courses" ("id") DEFERRABLE INITIALLY DEFERRED, "instructor_id" bigint NOT NULL REFERENCES "users" ("id") DEFERRABLE INITIALLY DEFERRED);
INSERT INTO instructor_courses VALUES(3,'2026-02-08',1,3,10);
INSERT INTO instructor_courses VALUES(4,'2026-02-08',1,4,10);
INSERT INTO instructor_courses VALUES(5,'2026-02-08',1,5,10);
CREATE TABLE IF NOT EXISTS "lectures_files" ("id" integer NOT NULL PRIMARY KEY , "title" varchar(255) NOT NULL, "description" text NULL, "content_type" varchar(20) NOT NULL, "local_file" varchar(100) NULL, "external_link" varchar(512) NULL, "file_type" varchar(50) NOT NULL, "file_size" bigint NULL, "file_extension" varchar(20) NULL, "mime_type" varchar(100) NULL, "upload_date" datetime NOT NULL, "updated_at" datetime NOT NULL, "is_visible" bool NOT NULL, "is_deleted" bool NOT NULL, "deleted_at" datetime NULL, "download_count" integer unsigned NOT NULL CHECK ("download_count" >= 0), "view_count" integer unsigned NOT NULL CHECK ("view_count" >= 0), "course_id" bigint NOT NULL REFERENCES "courses" ("id") DEFERRABLE INITIALLY DEFERRED, "uploader_id" bigint NULL REFERENCES "users" ("id") DEFERRABLE INITIALLY DEFERRED);
INSERT INTO lectures_files VALUES(2,'محاضره عن تعلم الحاسوب','','local_file','uploads/courses/003/Lecture/التكليف.txt',NULL,'Lecture',67554,'.txt',NULL,'2026-02-07 23:05:33.461649','2026-02-08 02:56:55.064069',1,1,'2026-02-08 06:38:09.484018',0,0,3,10);
INSERT INTO lectures_files VALUES(3,'نماثمنيامسنشاي','مضصنيمضن','local_file','uploads/courses/003/Lecture/ROADMAP_IMPLEMENTATION.md',NULL,'Lecture',8897,'.md',NULL,'2026-02-08 06:35:04.195531','2026-02-08 06:35:04.195572',1,0,NULL,0,0,3,10);
INSERT INTO lectures_files VALUES(4,'db','','local_file','uploads/courses/005/Lecture/ROADMAP_IMPLEMENTATION.md',NULL,'Lecture',8897,'.md',NULL,'2026-02-08 08:05:43.298178','2026-02-08 08:05:43.298204',1,0,NULL,0,6,5,10);
INSERT INTO lectures_files VALUES(5,'db2','','local_file','uploads/courses/005/Lecture/mm.txt',NULL,'Lecture',3719,'.txt',NULL,'2026-02-08 08:27:20.533277','2026-02-08 08:33:16.921241',1,0,NULL,2,4,5,10);
CREATE TABLE IF NOT EXISTS "ai_chats" ("id" integer NOT NULL PRIMARY KEY , "question" text NOT NULL, "answer" text NOT NULL, "is_helpful" bool NULL, "created_at" datetime NOT NULL, "response_time" real NOT NULL, "file_id" bigint NOT NULL REFERENCES "lectures_files" ("id") DEFERRABLE INITIALLY DEFERRED, "user_id" bigint NOT NULL REFERENCES "users" ("id") DEFERRABLE INITIALLY DEFERRED);
INSERT INTO ai_chats VALUES(1,'اشرح المفاهيم الرئيسية في هذا المحتوى بطريقة مبسطة','عذراً، حدث خطأ أثناء معالجة سؤالك. يرجى المحاولة مرة أخرى.',NULL,'2026-02-08 21:03:57.177221',68.503099441528320311,4,11);
INSERT INTO ai_chats VALUES(2,'هاي','عذراً، حدث خطأ أثناء معالجة سؤالك. يرجى المحاولة مرة أخرى.',NULL,'2026-02-08 21:04:57.540374',41.254679203033447266,4,11);
INSERT INTO ai_chats VALUES(3,'أنشئ 5 أسئلة اختبارية متنوعة من هذا المحتوى مع الإجابات','عذراً، حدث خطأ أثناء معالجة سؤالك. يرجى المحاولة مرة أخرى.',NULL,'2026-02-08 21:04:57.556143',52.102486848831176756,4,11);
INSERT INTO ai_chats VALUES(4,'ههههه','عذراً، حدث خطأ أثناء معالجة سؤالك. يرجى المحاولة مرة أخرى.',NULL,'2026-02-08 21:05:57.662841',54.183537960052490234,4,11);
CREATE TABLE IF NOT EXISTS "ai_usage_logs" ("id" integer NOT NULL PRIMARY KEY , "request_type" varchar(20) NOT NULL, "tokens_used" integer unsigned NOT NULL CHECK ("tokens_used" >= 0), "request_time" datetime NOT NULL, "was_cached" bool NOT NULL, "success" bool NOT NULL, "error_message" text NULL, "file_id" bigint NULL REFERENCES "lectures_files" ("id") DEFERRABLE INITIALLY DEFERRED, "user_id" bigint NOT NULL REFERENCES "users" ("id") DEFERRABLE INITIALLY DEFERRED, "api_key_used_id" bigint NULL REFERENCES "ai_api_keys" ("id") DEFERRABLE INITIALLY DEFERRED);
INSERT INTO ai_usage_logs VALUES(1,'questions',0,'2026-02-08 20:58:57.392744',0,1,NULL,4,10,NULL);
INSERT INTO ai_usage_logs VALUES(2,'chat',18,'2026-02-08 21:03:57.193190',0,1,NULL,4,11,NULL);
INSERT INTO ai_usage_logs VALUES(3,'chat',11,'2026-02-08 21:04:57.552237',0,1,NULL,4,11,NULL);
INSERT INTO ai_usage_logs VALUES(4,'chat',20,'2026-02-08 21:04:57.573481',0,1,NULL,4,11,NULL);
INSERT INTO ai_usage_logs VALUES(5,'chat',11,'2026-02-08 21:05:57.674471',0,1,NULL,4,11,NULL);
CREATE TABLE IF NOT EXISTS "system_settings" ("id" integer NOT NULL PRIMARY KEY , "key" varchar(100) NOT NULL UNIQUE, "value" text NOT NULL, "description" text NULL, "is_public" bool NOT NULL, "updated_at" datetime NOT NULL);
CREATE TABLE IF NOT EXISTS "audit_logs" ("id" integer NOT NULL PRIMARY KEY , "action" varchar(20) NOT NULL, "model_name" varchar(100) NOT NULL, "object_id" integer unsigned NULL CHECK ("object_id" >= 0), "object_repr" varchar(255) NULL, "changes" text NULL CHECK ((JSON_VALID("changes") OR "changes" IS NULL)), "ip_address" char(39) NULL, "user_agent" text NULL, "timestamp" datetime NOT NULL, "user_id" bigint NULL REFERENCES "users" ("id") DEFERRABLE INITIALLY DEFERRED);
INSERT INTO audit_logs VALUES(1,'create','User',2,'مهند يوسف سيف سلام (20261)',NULL,'127.0.0.1','Mozilla/5.0 (Windows NT 10.0; Win64; x64) AppleWebKit/537.36 (KHTML, like Gecko) Chrome/144.0.0.0 Safari/537.36','2026-01-26 05:27:18.948905',1);
INSERT INTO audit_logs VALUES(2,'create','User',2,'مهند يوسف سيف سلام (20261)','{"action": "account_activated"}','127.0.0.1','Mozilla/5.0 (Windows NT 10.0; Win64; x64) AppleWebKit/537.36 (KHTML, like Gecko) Chrome/143.0.0.0 Safari/537.36','2026-01-26 23:23:35.544000',NULL);
INSERT INTO audit_logs VALUES(3,'create','User',10,'مهند مدرس (739095)','{"action": "account_activated"}','127.0.0.1','Mozilla/5.0 (Windows NT 10.0; Win64; x64) AppleWebKit/537.36 (KHTML, like Gecko) Chrome/144.0.0.0 Safari/537.36','2026-02-07 22:54:02.357632',10);
INSERT INTO audit_logs VALUES(4,'delete','LectureFile',2,'محاضره عن تعلم الحاسوب - 003',NULL,'127.0.0.1','Mozilla/5.0 (Windows NT 10.0; Win64; x64) AppleWebKit/537.36 (KHTML, like Gecko) Chrome/144.0.0.0 Safari/537.36','2026-02-08 06:38:09.494641',10);
INSERT INTO audit_logs VALUES(5,'delete','LectureFile',5,'db2 - 005',NULL,'127.0.0.1','Mozilla/5.0 (Windows NT 10.0; Win64; x64) AppleWebKit/537.36 (KHTML, like Gecko) Chrome/144.0.0.0 Safari/537.36 Edg/144.0.0.0','2026-02-08 23:31:07.985621',10);
CREATE TABLE IF NOT EXISTS "django_session" ("session_key" varchar(40) NOT NULL PRIMARY KEY, "session_data" text NOT NULL, "expire_date" datetime NOT NULL);
INSERT INTO django_session VALUES('be45fmz076fc798m3mkcpj6uwhb95dat','.eJxVjMEOwiAQRP-FsyFbWljs0bvfQBbYWtSAKW2iMf67bdKD3mbmzcxbOFrm0S2VJ5ei6EUjDr-Zp3DjvIF4pXwpMpQ8T8nLrSJ3WuW5RL6f9u7fwUh1XNdGoW58ANDKa7D2ONjVsYGGvFm1R6sM6w4pYLShHULHXYvIAEzYqu20cq2pZMfPR5peoofPF3KwPtw:1vkDJA:ilQ5YHvgGuxHiAakir_MBrEusJoUrySXOkLSuOQUHW0','2026-01-27 03:30:32.267204');
INSERT INTO django_session VALUES('7vq1bay2fn2ohyn2waolyasqq1v0y29q','.eJxVjMEOwiAQRP-FsyFbWljs0bvfQBbYWtSAKW2iMf67bdKD3mbmzcxbOFrm0S2VJ5ei6EUjDr-Zp3DjvIF4pXwpMpQ8T8nLrSJ3WuW5RL6f9u7fwUh1XNdGoW58ANDKa7D2ONjVsYGGvFm1R6sM6w4pYLShHULHXYvIAEzYqu20cq2pZMfPR5peoofPF3KwPtw:1vkEeG:GZqIsOt9h3Ekf06A0UZxDAWckokqlJB3oMTB_qlll3E','2026-01-27 04:56:24.005200');
INSERT INTO django_session VALUES('t4mnamcewo0e96hn39twhfnrzlyek7p4','.eJxVjMEOwiAQRP-FsyFbWljs0bvfQBbYWtSAKW2iMf67bdKD3mbmzcxbOFrm0S2VJ5ei6EUjDr-Zp3DjvIF4pXwpMpQ8T8nLrSJ3WuW5RL6f9u7fwUh1XNdGoW58ANDKa7D2ONjVsYGGvFm1R6sM6w4pYLShHULHXYvIAEzYqu20cq2pZMfPR5peoofPF3KwPtw:1vkF75:_IGY4Tgk91S4Ggj-zGbbLSjc7NYoNPraA8MUAPT210A','2026-01-27 05:26:11.422116');
INSERT INTO django_session VALUES('845r2g1ppcqdige5fc2au6wek8uvnv95','.eJxVjM0OwiAQhN-FsyH8L3r07jOQBbZSNZCU9mR8d2nSg95m5puZNwu4rSVsnZYwZ3Zhkp1-s4jpSXUH-YH13nhqdV3myPcKP2jnt5bpdT26fwcFexlrp8DKmISwKlrh_Xnyw5ETEqMbOoJXjqwBTJB90lMyZDQACUEIWrHPF8_uN58:1vkVwg:IeyIR24V_0LjZ5la5KsAqb2BNvvTc4lGJEusLL6C6dw','2026-01-27 23:24:34.637245');
INSERT INTO django_session VALUES('41gn6fp98xub0wd7gv12rkoztruo81hh','.eJxVjEEOgjAQRe_StWkqzFBg6d4zNNN2KlXTEgqJxnh3wbDQ7X_v_ZcwtMyDWQpPJnrRi0ocfjdL7sZpA_5K6ZKly2meopWbInda5Dl7vp929-9goDKstUYOjNRYbAC86rRGzUyK4Aiusgo9oA_c2OC5riy2bU0Q1qgjcA6-p4VLiTkZfoxxeopevT-vPUAJ:1vkW3Q:Lzr7LApQmCl0TsYeBUtCyWV64xwLom12iKLIAEua6Bs','2026-01-27 23:31:32.906249');
INSERT INTO django_session VALUES('p0cpd9bzp8nedgpi970mqieiahaajb2l','.eJxVjMsOwiAQRf-FtSEdoHRw6d5vIDMDSNXQpI-V8d-1SRe6veec-1KRtrXGbclzHJM6K6tOvxuTPHLbQbpTu01aprbOI-td0Qdd9HVK-Xk53L-DSkv91sb3bAcAXwYE6UwgcD3m0lvvOkcGJCCyhcycfCcejQlMzjq0JAhFvT-wtTbb:1voBHp:JFaYLPCvkE5wa8HgjeTq1kBcrvFFDKWqyI91EHn32e4','2026-02-07 02:09:33.817385');
INSERT INTO django_session VALUES('2jk4jge7aspa75hllidzl0artv85r5zr','.eJxVjMsOwiAURP-FtSEUoa-le7-B3HIHixowpU00xn-3TbrQ1SQzZ85bOFrm0S0Fk4sselFV4vBbDuRvSNvCV0qXLH1O8xQHuSFyX4s8Z8b9tLN_gpHKuL4DLGwDa2kwDKUrHRpGqxTZ1nLw0KYzAey7mojM8diCau07WqOmoDdpQSkxJ4fnI04v0avPF_T-QJI:1vosfu:GkCRKLa3MyjeqMgUX8sh8QLKPmDpO-zy3-Nn5u-1TRI','2026-02-09 00:29:18.695376');
INSERT INTO django_session VALUES('vb4sz33mina5kz851di7kmutg7voqs5w','.eJxVjMEOgjAQRP-lZ9NQ2FLK0bvf0CzdrVRNSygkGuO_CwkHvcxh5s17C4frMrq18OwiiV5YcfrtBvR3TvtAN0zXLH1OyxwHuSPyWIu8ZOLH-WD_BCOWcXtrDS14pQJaC3XLLXrkigmhNqELjULyDMpQ1YWOdDAMQFZbT2aLBnZp4VJiTo6fU5xfoq8-X6OqP48:1vou2w:w9HrXspT8ZMB7EGXiTtkKrGV932p45gUMPBGpGteUjQ','2026-02-09 01:57:10.106224');
INSERT INTO django_session VALUES('ejsml13roh4p9u132gxy0cgf3vtvjilr','.eJxVjMsOwiAQRf-FtSEwEobp0r3fQHiMFjVgSptojP-uTbrQ7T3nnpfwYZlHv3SefMliEFqJ3e8YQ7pyXUm-hHpuMrU6TyXKVZEb7fLYMt8Om_sXGEMfv2_L2hpyaFBTcDaBwQiRLIAFw4nQKOQAURE4i2BPuM-kYtxrlcglXqOdey-ten7cy_QUg3p_AFx6Pgc:1vourw:UqOm7gPX5U1vy89zE8iQexqpRUfp7V27j6_0KE05mqQ','2026-02-09 02:49:52.900792');
INSERT INTO django_session VALUES('l2qpmvdydvhvqeqbj15bje6hqmhw06sg','.eJxVjMsOwiAQRf-FtSEwEobp0r3fQHiMFjVgSptojP-uTbrQ7T3nnpfwYZlHv3SefMliEFqJ3e8YQ7pyXUm-hHpuMrU6TyXKVZEb7fLYMt8Om_sXGEMfv2_L2hpyaFBTcDaBwQiRLIAFw4nQKOQAURE4i2BPuM-kYtxrlcglXqOdey-ten7cy_QUg3p_AFx6Pgc:1vov81:yTfRkhAVCXnrndNxK6wi6kw15M27Qz5ux-rUbYI9MMQ','2026-02-09 03:06:29.132205');
INSERT INTO django_session VALUES('luga2c4ga0vhl2ks9wo3axfp8d7qtwc9','.eJxVjMsOwiAQRf-FtSEwEobp0r3fQHiMFjVgSptojP-uTbrQ7T3nnpfwYZlHv3SefMliEFqJ3e8YQ7pyXUm-hHpuMrU6TyXKVZEb7fLYMt8Om_sXGEMfv2_L2hpyaFBTcDaBwQiRLIAFw4nQKOQAURE4i2BPuM-kYtxrlcglXqOdey-ten7cy_QUg3p_AFx6Pgc:1vovcO:BwQ9s4aGCDxF3mwvLJbPmF8D0qYrYkKTnQVehw5pN7s','2026-02-09 03:37:52.346849');
INSERT INTO django_session VALUES('4guhef2bauy2jb7l7rnnz1ppqkr55ybp','.eJxVjMEOgjAQRP-lZ9NQ2FLK0bvf0CzdrVRNSygkGuO_CwkHvcxh5s17C4frMrq18OwiiV5YcfrtBvR3TvtAN0zXLH1OyxwHuSPyWIu8ZOLH-WD_BCOWcXtrDS14pQJaC3XLLXrkigmhNqELjULyDMpQ1YWOdDAMQFZbT2aLBnZp4VJiTo6fU5xfoq8-X6OqP48:1voxcu:WuqiV3izUGLAwX1YIX75Kr-65no1KIs2DyHkmwKM8Qk','2026-02-09 05:46:32.165839');
INSERT INTO django_session VALUES('5x1fn86ylk06ditga3pj9e6njo8wu7ch','.eJxVjMsOwiAQRf-FtSFI6WO6dO83EGBmLGqgKW2iMf67knSh23vOPS9h3bZOdiu02IhiFEclDr-jd-FGqRK8unTJMuS0LtHLqsidFnnOSPfT7v4FJlem-mbSPVOvkL3jgGRgwMDasPEtgelw8NghMEPgxnRfG1oAza0i1Whfo4VKiTlZesxxeYpRvT8imEC7:1voyIj:FjSr4T6gMtCtebcuUCzjgU6NcKvIWHhS0QLezeiBMC8','2026-02-09 06:29:45.666292');
INSERT INTO django_session VALUES('pcngnamgc3v3mj61kn62dcyenuzbg6rj','.eJxVjEEKwjAQAP-yZwlN3TRNj959Q9hmNzYqiTQtKOLfpdCDXmeGeYOndZn8WmX2iWEAB4dfNlK4Sd4EXylfigolL3Ma1Zao3VZ1Liz3097-DSaqEwxgDHYYtI7kHLaddBRIGmHC1sY-HjVxENSWmz72bKIVRHbGBbbGhSNu0yq1ppK9PB9pfsHQfL6jqj-P:1vozei:q1yyKDzdEGKWl-cO7urenPqW6jZC-rnS0pxkBTGjnaI','2026-02-09 07:56:32.903375');
INSERT INTO django_session VALUES('2d1ehj056w2wul2t0ysbr13txuh9i38q','.eJxVjEEKwjAQAP-yZwlN3TRNj959Q9hmNzYqiTQtKOLfpdCDXmeGeYOndZn8WmX2iWEAB4dfNlK4Sd4EXylfigolL3Ma1Zao3VZ1Liz3097-DSaqEwxgDHYYtI7kHLaddBRIGmHC1sY-HjVxENSWmz72bKIVRHbGBbbGhSNu0yq1ppK9PB9pfsHQfL6jqj-P:1vp05z:VCMC8aXKzIsNPlc3TL2V8E4AqtZp9PfZm2dRhjDxJwI','2026-02-09 08:24:43.672327');
INSERT INTO django_session VALUES('8p2xy1iyq7zf8z2lvfaz6h22v792xt0m','.eJxVjMsOwiAQRf-FtSFI6WO6dO83EGBmLGrAQJtojP9uSLrQ7T3nnrewblsXu1UqNqKYxVGJw-_oXbhRagSvLl2yDDmtJXrZFLnTKs8Z6X7a3b_A4urS3kx6ZBoVsncckAxMGFgbNr4nMANOHgcEZgjcmYH0CD2A5l6R6rRv0Uq1xpwsPR-xvMSsPl8imEC7:1vp0vr:S-GlOmecWNqYQEgeSWrq8uRrO7mRQj1WF34d5uS1GPU','2026-02-09 09:18:19.355497');
INSERT INTO django_session VALUES('rzllw05y8jbt5wrw711mhaxuvum3hxss','.eJxVjssOwiAUBf_lrg2BlmeX7v0GAlywqAEDbaIx_rup6UK3ZyaT8wLr1mW2a4_NZoQJGIPD7-hduMayEby4cq4k1LK07MmmkJ12cqoYb8fd_QvMrs8wgVAqaMO0SZL6ZETy0TmhfDRUonBC6dHrMQ2IXFOl9MiMkIPnUgTODX5f9dh7rsXGxz23J0z0_QGe7T6r:1vpBuG:cjU9e7WR7jamJJnd-UWrrVEbyUYPcrA2SbK2YSoh0FY','2026-02-09 21:01:24.116482');
INSERT INTO django_session VALUES('yqewx6khfqz43ow2jztyeayi6st3pkxd','.eJxVjEEKwjAQAP-yZwlN3TRNj959Q9hmNzYqiTQtKOLfpdCDXmeGeYOndZn8WmX2iWEAB4dfNlK4Sd4EXylfigolL3Ma1Zao3VZ1Liz3097-DSaqEwxgDHYYtI7kHLaddBRIGmHC1sY-HjVxENSWmz72bKIVRHbGBbbGhSNu0yq1ppK9PB9pfsHQfL6jqj-P:1vpBze:s_R93AkSyv4qnz1O_ATwXZlM-oMwYDi8Zrb2hzVyP5g','2026-02-09 21:06:58.970098');
INSERT INTO django_session VALUES('gypg4e3rufrmj20ipny2yo4als5wej3s','.eJxVjMsOwiAQRf-FtSFI6WO6dO83EGBmLGrAQJtojP9uSLrQ7T3nnrewblsXu1UqNqKYxVGJw-_oXbhRagSvLl2yDDmtJXrZFLnTKs8Z6X7a3b_A4urS3kx6ZBoVsncckAxMGFgbNr4nMANOHgcEZgjcmYH0CD2A5l6R6rRv0Uq1xpwsPR-xvMSsPl8imEC7:1vpE9i:EShGTfHNzKiXcuuniF7690ZpmufxXaEpSngCWSoAGIE','2026-02-09 23:25:30.530864');
INSERT INTO django_session VALUES('tcki8hbpa10k806ntxr6e8imju5062jx','.eJxVjMsOwiAQRf-FtSFI6WO6dO83EGBmLGrAQJtojP9uSLrQ7T3nnrewblsXu1UqNqKYxVGJw-_oXbhRagSvLl2yDDmtJXrZFLnTKs8Z6X7a3b_A4urS3kx6ZBoVsncckAxMGFgbNr4nMANOHgcEZgjcmYH0CD2A5l6R6rRv0Uq1xpwsPR-xvMSsPl8imEC7:1vpFH9:RI9_AHS-DqtziT7oH59Ue550q4LWRHfbnA52RTG6ErU','2026-02-10 00:37:15.763264');
INSERT INTO django_session VALUES('40qgoio7gcky1zbbhqsqgngesk2mf1jg','.eJxVjssOwiAUBf_lrg2BlmeX7v0GAlywqAEDbaIx_rup6UK3ZyaT8wLr1mW2a4_NZoQJGIPD7-hduMayEby4cq4k1LK07MmmkJ12cqoYb8fd_QvMrs8wgVAqaMO0SZL6ZETy0TmhfDRUonBC6dHrMQ2IXFOl9MiMkIPnUgTODX5f9dh7rsXGxz23J0z0_QGe7T6r:1vpFuE:BNEYcaq-yZEqFLrw2vhNcxkmHqS2Dg1iJWpHzTpmuk8','2026-02-10 01:17:38.673160');
INSERT INTO django_session VALUES('m0d14muq6a8hug2iv8digu77068ytv2j','.eJxVjssOwiAUBf_lrg2BlmeX7v0GAlywqAEDbaIx_rup6UK3ZyaT8wLr1mW2a4_NZoQJGIPD7-hduMayEby4cq4k1LK07MmmkJ12cqoYb8fd_QvMrs8wgVAqaMO0SZL6ZETy0TmhfDRUonBC6dHrMQ2IXFOl9MiMkIPnUgTODX5f9dh7rsXGxz23J0z0_QGe7T6r:1vpFv5:RS_XwkyTp3bHBjvv9ywSZ3Cll8U7LKA4t0jQcOOMp7E','2026-02-10 01:18:31.797966');
INSERT INTO django_session VALUES('nja80cut3if597fv0afw4jyjt8igsmiy','.eJxVjMEOgjAQRP-lZ9NQ2FLK0bvf0CzdrVRNSygkGuO_CwkHvcxh5s17C4frMrq18OwiiV5YcfrtBvR3TvtAN0zXLH1OyxwHuSPyWIu8ZOLH-WD_BCOWcXtrDS14pQJaC3XLLXrkigmhNqELjULyDMpQ1YWOdDAMQFZbT2aLBnZp4VJiTo6fU5xfoq8-X6OqP48:1vpZf9:qBldJhZwbDmVvlOmog_Wwx4kmpP8QKv34Gz_DnSOo2c','2026-02-10 22:23:23.480404');
INSERT INTO django_session VALUES('n2ndsuutnsdpikxmpbiuvq0airjdgbft','.eJxVjMsOwiAUBf-FtSGXN-3Svd9AgF4sasBAm2iM_65NutDtmTnzIs6vy-zWjs3liYyEATn8jsHHK5aNTBdfzpXGWpaWA90UutNOT3XC23F3_wKz7_P3LXQyKSoQdpA2DVEoo00AIRiLGpLEyK2SGoThloFNyYIcuPGcIVNBsi3asfdci8PHPbcnGeH9AVuNPZc:1vpciu:ynOiSvFNI3Pwueqa_y5--K5u8PQs14NaQExEt5uNpfs','2026-02-11 01:39:28.296415');
INSERT INTO django_session VALUES('ok48w07bl69dyx7r247lu7acajl50dsv','.eJxVjMsOwiAUBf-FtSGXN-3Svd9AgF4sasBAm2iM_65NutDtmTnzIs6vy-zWjs3liYyEATn8jsHHK5aNTBdfzpXGWpaWA90UutNOT3XC23F3_wKz7_P3LXQyKSoQdpA2DVEoo00AIRiLGpLEyK2SGoThloFNyYIcuPGcIVNBsi3asfdci8PHPbcnGeH9AVuNPZc:1vpdZq:FU19_IeckIr0ihNpPyKqXCAD_qxnXpuGkEXbON2EiD8','2026-02-11 02:34:10.647044');
CREATE TABLE IF NOT EXISTS "roles" ("id" integer NOT NULL PRIMARY KEY , "description" text NULL, "created_at" datetime NOT NULL, "code" varchar(50) NOT NULL UNIQUE, "display_name" varchar(100) NOT NULL, "is_system" bool NOT NULL, "is_active" bool NOT NULL, "updated_at" datetime NOT NULL);
INSERT INTO roles VALUES(1,'مسؤول النظام - صلاحيات كاملة','2026-01-01 00:00:00','admin','مدير النظام',1,1,'2026-01-01 00:00:00');
INSERT INTO roles VALUES(2,'مدرس - إدارة المقررات والملفات','2026-01-01 00:00:00','instructor','دكتور',1,1,'2026-02-08 06:20:42.449274');
INSERT INTO roles VALUES(3,'طالب - الوصول للمحتوى الأكاديمي','2026-01-01 00:00:00','student','طالب',1,1,'2026-01-01 00:00:00');
CREATE TABLE IF NOT EXISTS "permissions" ("id" integer NOT NULL PRIMARY KEY , "description" text NULL, "code" varchar(100) NOT NULL UNIQUE, "display_name" varchar(150) NOT NULL, "category" varchar(50) NOT NULL, "is_active" bool NOT NULL, "created_at" datetime NOT NULL);
INSERT INTO permissions VALUES(1,'يسمح بعرض قائمة المقررات ومحتوياتها','view_courses','عرض المقررات','courses',1,'2026-01-01 00:00:00');
INSERT INTO permissions VALUES(2,'إنشاء وتعديل وحذف المقررات','manage_courses','إدارة المقررات','courses',1,'2026-01-01 00:00:00');
INSERT INTO permissions VALUES(3,'تحميل ومشاهدة الملفات','view_files','عرض الملفات','files',1,'2026-01-01 00:00:00');
INSERT INTO permissions VALUES(4,'رفع ملفات جديدة للمقررات','upload_files','رفع الملفات','files',1,'2026-01-01 00:00:00');
INSERT INTO permissions VALUES(5,'تعديل وحذف وإخفاء الملفات','manage_files','إدارة الملفات','files',1,'2026-01-01 00:00:00');
INSERT INTO permissions VALUES(6,'عرض قائمة المستخدمين','view_users','عرض المستخدمين','users',1,'2026-01-01 00:00:00');
INSERT INTO permissions VALUES(7,'إنشاء وتعديل وحذف المستخدمين','manage_users','إدارة المستخدمين','users',1,'2026-01-01 00:00:00');
INSERT INTO permissions VALUES(8,'استيراد مستخدمين من ملفات CSV','import_users','استيراد المستخدمين','users',1,'2026-01-01 00:00:00');
INSERT INTO permissions VALUES(9,'ترقية الطلاب للمستوى التالي','promote_students','ترقية الطلاب','users',1,'2026-01-01 00:00:00');
INSERT INTO permissions VALUES(10,'إرسال إشعارات للمستخدمين','send_notifications','إرسال الإشعارات','notifications',1,'2026-01-01 00:00:00');
INSERT INTO permissions VALUES(11,'عرض جميع إشعارات النظام','view_all_notifications','عرض كل الإشعارات','notifications',1,'2026-01-01 00:00:00');
INSERT INTO permissions VALUES(12,'استخدام ميزات التلخيص والأسئلة','use_ai_features','استخدام الذكاء الاصطناعي','ai',1,'2026-01-01 00:00:00');
INSERT INTO permissions VALUES(13,'إنشاء وتعديل أدوار المستخدمين','manage_roles','إدارة الأدوار','system',1,'2026-01-01 00:00:00');
INSERT INTO permissions VALUES(14,'تعيين الصلاحيات للأدوار','manage_permissions','إدارة الصلاحيات','system',1,'2026-01-01 00:00:00');
INSERT INTO permissions VALUES(15,'تعديل إعدادات النظام','manage_settings','إدارة الإعدادات','system',1,'2026-01-01 00:00:00');
INSERT INTO permissions VALUES(16,'عرض سجلات أنشطة النظام','view_audit_logs','عرض سجلات التدقيق','system',1,'2026-01-01 00:00:00');
INSERT INTO permissions VALUES(17,'عرض إحصائيات النظام','view_statistics','عرض الإحصائيات','system',1,'2026-01-01 00:00:00');
INSERT INTO permissions VALUES(18,'صلاحية عرض التقارير','view_reports','عرض التقارير','system',1,'2026-02-06 02:15:25.105432');
CREATE TABLE IF NOT EXISTS "ai_generated_questions" ("id" integer NOT NULL PRIMARY KEY , "question_text" text NOT NULL, "question_type" varchar(50) NOT NULL, "options" text NULL CHECK ((JSON_VALID("options") OR "options" IS NULL)), "correct_answer" text NOT NULL, "explanation" text NULL, "difficulty_level" varchar(20) NOT NULL, "generated_at" datetime NOT NULL, "is_cached" bool NOT NULL, "file_id" bigint NOT NULL REFERENCES "lectures_files" ("id") DEFERRABLE INITIALLY DEFERRED, "user_id" bigint NULL REFERENCES "users" ("id") DEFERRABLE INITIALLY DEFERRED, "score" real NOT NULL);
INSERT INTO ai_generated_questions VALUES(1,'ما هي الفكرة الرئيسية في هذا النص؟','short_answer',NULL,'راجع النص للإجابة','سؤال تلقائي - خدمة AI غير متاحة حالياً','medium','2026-02-08 20:58:57.384025',1,4,10,1.0);
CREATE TABLE IF NOT EXISTS "ai_summaries" ("id" integer NOT NULL PRIMARY KEY , "language" varchar(10) NOT NULL, "word_count" integer unsigned NOT NULL CHECK ("word_count" >= 0), "generated_at" datetime NOT NULL, "generation_time" real NOT NULL, "model_used" varchar(100) NOT NULL, "is_cached" bool NOT NULL, "file_id" bigint NOT NULL UNIQUE REFERENCES "lectures_files" ("id") DEFERRABLE INITIALLY DEFERRED, "user_id" bigint NULL REFERENCES "users" ("id") DEFERRABLE INITIALLY DEFERRED, "md_file_path" varchar(500) NULL, "summary_text" text NOT NULL);
INSERT INTO ai_summaries VALUES(1,'ar',0,'2026-02-08 06:21:58.517541',0.0,'gemini-2.0-flash',1,2,10,NULL,replace(replace('هلا هلا هلا\r\n                            <button class="btn btn-sm btn-outline-danger" onclick="deleteQuestion(''{{ question.pk }}'')">','\r',char(13)),'\n',char(10)));
CREATE TABLE IF NOT EXISTS "ai_generation_jobs" ("id" integer NOT NULL PRIMARY KEY , "job_type" varchar(20) NOT NULL, "config" text NOT NULL CHECK ((JSON_VALID("config") OR "config" IS NULL)), "user_notes" text NOT NULL, "md_file_path" varchar(500) NULL, "status" varchar(20) NOT NULL, "error_message" text NULL, "created_at" datetime NOT NULL, "completed_at" datetime NULL, "file_id" bigint NOT NULL REFERENCES "lectures_files" ("id") DEFERRABLE INITIALLY DEFERRED, "instructor_id" bigint NOT NULL REFERENCES "users" ("id") DEFERRABLE INITIALLY DEFERRED);
INSERT INTO ai_generation_jobs VALUES(1,'questions','{"mcq_count": 5, "mcq_score": 2.0, "true_false_count": 5, "true_false_score": 1.0, "short_answer_count": 3, "short_answer_score": 3.0, "total_questions": 13, "total_score": 24.0}','سهل وبسيط','ai_generated\questions\questions_4_20260208_235857.md','completed',NULL,'2026-02-08 20:58:16.138534','2026-02-08 20:58:57.371010',4,10);
CREATE TABLE IF NOT EXISTS "student_progress" ("id" integer NOT NULL PRIMARY KEY , "progress" integer unsigned NOT NULL CHECK ("progress" >= 0), "last_position" varchar(100) NOT NULL, "last_accessed" datetime NOT NULL, "total_time_seconds" integer unsigned NOT NULL CHECK ("total_time_seconds" >= 0), "file_id" bigint NOT NULL REFERENCES "lectures_files" ("id") DEFERRABLE INITIALLY DEFERRED, "student_id" bigint NOT NULL REFERENCES "users" ("id") DEFERRABLE INITIALLY DEFERRED);
INSERT INTO student_progress VALUES(1,60,'','2026-02-08 22:31:13.307145',0,4,11);
INSERT INTO student_progress VALUES(2,40,'','2026-02-08 09:15:01.499663',0,5,11);
CREATE TABLE IF NOT EXISTS "notification_recipients" ("id" integer NOT NULL PRIMARY KEY , "is_read" bool NOT NULL, "read_at" datetime NULL, "is_deleted" bool NOT NULL, "notification_id" bigint NOT NULL REFERENCES "notifications" ("id") DEFERRABLE INITIALLY DEFERRED, "user_id" bigint NOT NULL REFERENCES "users" ("id") DEFERRABLE INITIALLY DEFERRED, "deleted_at" datetime NULL, "is_archived" bool NOT NULL);
INSERT INTO notification_recipients VALUES(1,1,'2026-01-26 05:38:25.233224',0,1,1,NULL,0);
INSERT INTO notification_recipients VALUES(2,0,NULL,0,6,9,NULL,0);
INSERT INTO notification_recipients VALUES(3,1,'2026-02-09 22:16:15.310166',0,7,11,NULL,1);
INSERT INTO notification_recipients VALUES(4,0,NULL,0,8,10,NULL,0);
CREATE TABLE IF NOT EXISTS "notification_preferences" ("id" integer NOT NULL PRIMARY KEY , "email_enabled" bool NOT NULL, "email_file_upload" bool NOT NULL, "email_announcement" bool NOT NULL, "email_assignment" bool NOT NULL, "email_exam" bool NOT NULL, "email_grade" bool NOT NULL, "email_system" bool NOT NULL, "updated_at" datetime NOT NULL, "user_id" bigint NOT NULL UNIQUE REFERENCES "users" ("id") DEFERRABLE INITIALLY DEFERRED);
INSERT INTO notification_preferences VALUES(1,1,1,1,1,1,1,1,'2026-02-09 22:16:25.321457',11);
CREATE TABLE IF NOT EXISTS "notifications" ("id" integer NOT NULL PRIMARY KEY , "title" varchar(255) NOT NULL, "body" text NOT NULL, "notification_type" varchar(20) NOT NULL, "priority" varchar(10) NOT NULL, "created_at" datetime NOT NULL, "expires_at" datetime NULL, "is_active" bool NOT NULL, "course_id" bigint NULL REFERENCES "courses" ("id") DEFERRABLE INITIALLY DEFERRED, "sender_id" bigint NULL REFERENCES "users" ("id") DEFERRABLE INITIALLY DEFERRED, "content_type_id" integer NULL REFERENCES "django_content_type" ("id") DEFERRABLE INITIALLY DEFERRED, "object_id" integer unsigned NULL CHECK ("object_id" >= 0), "is_deleted_by_sender" bool NOT NULL, "is_hidden_by_sender" bool NOT NULL, "sender_deleted_at" datetime NULL);
INSERT INTO notifications VALUES(1,'ydjh',replace(replace('etsخطأ في بناء الجملة في /accounts/admin/users/\015\012تعذر تحليل بعض الأحرف: request.GET.role|==role.pk||stringformat:"s"\015\012طريقة الطلب:	يحصل\015\012عنوان URL للطلب:	http://127.0.0.1:8000/accounts/admin/users/\015\012إصدار Django:	5.2.10\015\012نوع الاستثناء:	خطأ في بناء الجملة للقالب\015\012قيمة الاستثناء:	\015\012تعذر تحليل بعض الأحرف: request.GET.role|==role.pk||stringformat:"s"\015\012موقع الاستثناء:	E:\ScamV4\venv\Lib\site-packages\django\template\base.py ، السطر 683، في __init__\015\012نشأ خلال:	apps.accounts.views.admin.UserListView\015\012ملف تنفيذي بلغة بايثون:	E:\ScamV4\venv\Scripts\python.exe\015\012إصدار بايثون:	3.13.3\015\012مسار بايثون:	\015\012[''E:\\ScamV4'',\015\012 ''C:\\Program Files\\Python313\\python313.zip'',\015\012 ''C:\\Program Files\\Python313\\DLLs'',\015\012 ''C:\\Program Files\\Python313\\Lib'',\015\012 ''C:\\Program Files\\Python313'',\015\012 ''E:\\ScamV4\\venv'',\015\012 ''E:\\ScamV4\\venv\\Lib\\site-packages'']\015\012وقت الخادم:	الإثنين، 26 يناير 2026 08:27:19 +0300\015\012حدث خطأ أثناء عرض القالب\015\012في القالب E:\ScamV4\templates\admin_panel\users\list.html، خطأ في السطر 34\015\012\015\012تعذر تحليل بعض الأحرف: request.GET.role|==role.pk||stringformat:"s"\015\01224	                <div class="col-md-3">\015\01225	                    <label class="form-label">البحث</label>\015\01226	                    <input type="text" name="q" class="form-control" placeholder="الاسم أو الرقم الأكاديمي"\015\01227	                        value="{{ request.GET.q }}">\015\01228	                </div>\015\01229	                <div class="col-md-2">\015\01230	                    <label class="form-label">الدور</label>\015\01231	                    <select name="role" class="form-select">\015\01232	                        <option value="">الكل</option>\015\01233	                        {% for role in roles %}\015\01234	                        <option value="{{ role.pk }}" {% if request.GET.role==role.pk|stringformat:"s" %} selected{%\015\01235	                            endif %}>{{ role.display_name }}</option>\015\01236	                        {% endfor %}\015\01237	                    </select>\015\01238	                </div>\015\01239	                <div class="col-md-2">\015\01240	                    <label class="form-label">التخصص</label>\015\01241	                    <select name="major" class="form-select">\015\01242	                        <option value="">الكل</option>\015\01243	                        {% for major in majors %}\015\01244	                        <option value="{{ major.pk }}" {% if request.GET.major==major.pk|stringformat:"s" %}selected{%\015\012تتبع الأخطاء التبديل إلى عرض النسخ واللصق\015\012E:\ScamV4\venv\Lib\site-packages\django\template\smartif.py، السطر 180، في translate_token\015\012            op = OPERATORS[token]\015\012                      ^^^^^^^^^^^^^^^^ ...\015\012المتغيرات المحلية\015\012أثناء معالجة الاستثناء المذكور أعلاه (''request.GET.role==role.pk|stringformat:"s"'')، حدث استثناء آخر:\015\012E:\ScamV4\venv\Lib\site-packages\django\core\handlers\exception.py، السطر 55، في الداخل\015\012                response = get_response(request)\015\012                               ^^^^^^^^^^^^^^^^^^^^^ ...\015\012المتغيرات المحلية\015\012E:\ScamV4\venv\Lib\site-packages\django\core\handlers\base.py, line 220, in _get_response\015\012                response = response.render()\015\012                                ^^^^^^^^^^^^^^^^^ …\015\012Local vars\015\012E:\ScamV4\venv\Lib\site-packages\django\template\response.py, line 114, in render\015\012            self.content = self.rendered_content\015\012                                ^^^^^^^^^^^^^^^^^^^^^ …\015\012Local vars\015\012E:\ScamV4\venv\Lib\site-packages\django\template\response.py, line 90, in rendered_content\015\012        template = self.resolve_template(self.template_name)\015\012                       ^^^^^^^^^^^^^^^^^^^^^^^^^^^^^^^^^^^^^^^^^ …\015\012Local vars\015\012E:\ScamV4\venv\Lib\site-packages\django\template\response.py, line 72, in resolve_template\015\012            return select_template(template, using=self.using)\015\012                       ^^^^^^^^^^^^^^^^^^^^^^^^^^^^^^^^^^^^^^^^^^^ …\015\012Local vars\015\012E:\ScamV4\venv\Lib\site-packages\django\template\loader.py, line 42, in select_template\015\012                return engine.get_template(template_name)\015\012                           ^^^^^^^^^^^^^^^^^^^^^^^^^^^^^^^^^^ …\015\012Local vars\015\012E:\ScamV4\venv\Lib\site-packages\django\template\backends\django.py, line 79, in get_template\015\012            return Template(self.engine.get_template(template_name), self)\015\012                                ^^^^^^^^^^^^^^^^^^^^^^^^^^^^^^^^^^^^^^^ …\015\012Local vars\015\012E:\ScamV4\venv\Lib\site-packages\django\template\engine.py, line 177, in get_template\015\012        template, origin = self.find_template(template_name)\015\012                                ^^^^^^^^^^^^^^^^^^^^^^^^^^^^^^^^^ …\015\012Local vars\015\012E:\ScamV4\venv\Lib\site-packages\django\template\engine.py, line 159, in find_template\015\012                template = loader.get_template(name, skip=skip)\015\012                                ^^^^^^^^^^^^^^^^^^^^^^^^^^^^^^^^^^^^ …\015\012Local vars\015\012E:\ScamV4\venv\Lib\site-packages\django\template\loaders\cached.py, line 57, in get_template\015\012            template = super().get_template(template_name, skip)\015\012                           ^^^^^^^^^^^^^^^^^^^^^^^^^^^^^^^^^^^^^^^^^ …\015\012Local vars\015\012E:\ScamV4\venv\Lib\site-packages\django\template\loaders\base.py, line 28, in get_template\015\012                return Template(\015\012                            …\015\012Local vars\015\012E:\ScamV4\venv\Lib\site-packages\django\template\base.py, line 155, in __init__\015\012        self.nodelist = self.compile_nodelist()\015\012                             ^^^^^^^^^^^^^^^^^^^^^^^ …\015\012Local vars\015\012E:\ScamV4\venv\Lib\site-packages\django\template\base.py, line 197, in compile_nodelist\015\012            nodelist = parser.parse()\015\012                            ^^^^^^^^^^^^^^ …\015\012Local vars\015\012E:\ScamV4\venv\Lib\site-packages\django\template\base.py, line 519, in parse\015\012                    raise self.error(token, e)\015\012                         ^^^^^^^^^^^^^^^^^^^^^^^^^^ …\015\012Local vars\015\012E:\ScamV4\venv\Lib\site-packages\django\template\base.py, line 517, in parse\015\012                    compiled_result = compile_func(self, token)\015\012                                           ^^^^^^^^^^^^^^^^^^^^^^^^^ …\015\012Local vars\015\012E:\ScamV4\venv\Lib\site-packages\django\template\loader_tags.py, line 299, in do_extends\015\012    nodelist = parser.parse()\015\012                    ^^^^^^^^^^^^^^ …\015\012Local vars\015\012E:\ScamV4\venv\Lib\site-packages\django\template\base.py, line 519, in parse\015\012                    raise self.error(token, e)\015\012                         ^^^^^^^^^^^^^^^^^^^^^^^^^^ …\015\012Local vars\015\012E:\ScamV4\venv\Lib\site-packages\django\template\base.py, line 517, in parse\015\012                    compiled_result = compile_func(self, token)\015\012                                           ^^^^^^^^^^^^^^^^^^^^^^^^^ …\015\012Local vars\015\012E:\ScamV4\venv\Lib\site-packages\django\template\loader_tags.py, line 234, in do_block\015\012    nodelist = parser.parse(("endblock",))\015\012                    ^^^^^^^^^^^^^^^^^^^^^^^^^^^ …\015\012Local vars\015\012E:\ScamV4\venv\Lib\site-packages\django\template\base.py, line 519, in parse\015\012                    raise self.error(token, e)\015\012                         ^^^^^^^^^^^^^^^^^^^^^^^^^^ …\015\012Local vars\015\012E:\ScamV4\venv\Lib\site-packages\django\template\base.py, line 517, in parse\015\012                    compiled_result = compile_func(self, token)\015\012                                           ^^^^^^^^^^^^^^^^^^^^^^^^^ …\015\012Local vars\015\012E:\ScamV4\venv\Lib\site-packages\django\template\defaulttags.py, line 862, in do_for\015\012    nodelist_loop = parser.parse(\015\012                          …\015\012Local vars\015\012E:\ScamV4\venv\Lib\site-packages\django\template\base.py, line 519, in parse\015\012                    raise self.error(token, e)\015\012                         ^^^^^^^^^^^^^^^^^^^^^^^^^^ …\015\012Local vars\015\012E:\ScamV4\venv\Lib\site-packages\django\template\base.py, line 517, in parse\015\012                    compiled_result = compile_func(self, token)\015\012                                           ^^^^^^^^^^^^^^^^^^^^^^^^^ …\015\012Local vars\015\012E:\ScamV4\venv\Lib\site-packages\django\template\defaulttags.py, line 961, in do_if\015\012    condition = TemplateIfParser(parser, bits).parse()\015\012                     ^^^^^^^^^^^^^^^^^^^^^^^^^^^^^^ …\015\012Local vars\015\012E:\ScamV4\venv\Lib\site-packages\django\template\defaulttags.py, line 894, in __init__\015\012        super().__init__(*args, **kwargs)\015\012             ^^^^^^^^^^^^^^^^^^^^^^^^^^^^^^^^^ …\015\012Local vars\015\012E:\ScamV4\venv\Lib\site-packages\django\template\smartif.py, line 171, in __init__\015\012            mapped_tokens.append(self.translate_token(token))\015\012                                      ^^^^^^^^^^^^^^^^^^^^^^^^^^^ …\015\012Local vars\015\012E:\ScamV4\venv\Lib\site-packages\django\template\smartif.py, line 182, in translate_token\015\012            return self.create_var(token)\015\012                        ^^^^^^^^^^^^^^^^^^^^^^ …\015\012Local vars\015\012E:\ScamV4\venv\Lib\site-packages\django\template\defaulttags.py, line 897, in create_var\015\012        return TemplateLiteral(self.template_parser.compile_filter(value), value)\015\012                                    ^^^^^^^^^^^^^^^^^^^^^^^^^^^^^^^^^^^^^^^^^^ …\015\012Local vars\015\012E:\ScamV4\venv\Lib\site-packages\django\template\base.py, line 610, in compile_filter\015\012        return FilterExpression(token, self)\015\012                    ^^^^^^^^^^^^^^^^^^^^^^^^^^^^^ …\015\012Local vars\015\012E:\ScamV4\venv\Lib\site-packages\django\template\base.py, line 683, in __init__\015\012                raise TemplateSyntaxError(\015\012                     ^ …\015\012Local vars\015\012Request information\015\012USER\015\012مدير النظام (admin)\015\012\015\012GET\015\012No GET data\015\012\015\012POST\015\012No POST data\015\012\015\012FILES\015\012No FILES data\015\012\015\012COOKIES\015\012Variable	Value\015\012csrftoken	\015\012''********************''\015\012sessionid	\015\012''********************''\015\012messages	\015\012''.eJxljs0KgCAQhF9F9ixRulbvYiJSGgTVQXr_aLdQ6DIw-_PNWAveb_k8_B5zDmsE2UplJExX26vwKBpBxpDpH9VIk4G0E8Ug8gcd6cJQkTRVPD7CoVBV4gWnjoWBHPGa8B9Vdb62Y8Wdq7ZLAxLAuRtPXkSo:1vkF8A:XM7LFL24F4b4jd8pVAgNGWtYyYot3Wann10-HVeBgPc''\015\012META\015\012Variable	Value\015\012AI_MODEL_NAME	\015\012''gemini-2.5-flash''\015\012AI_RATE_LIMIT_PER_HOUR	\015\012''10''\015\012ALLOWED_HOSTS	\015\012''localhost,127.0.0.1,[::1]''\015\012ALLUSERSPROFILE	\015\012''C:\\ProgramData''\015\012ANTIGRAVITY_CLI_ALIAS	\015\012''agy''\015\012APPDATA	\015\012''C:\\Users\\Moain\\AppData\\Roaming''\015\012BUNDLED_DEBUGPY_PATH	\015\012''c:\\Users\\Moain\\.antigravity\\extensions\\ms-python.debugpy-2025.18.0-win32-x64\\bundled\\libs\\debugpy''\015\012CHROME_CRASHPAD_PIPE_NAME	\015\012''\\\\.\\pipe\\crashpad_12568_IDUGCKFGAFQHUGNK''\015\012COLORTERM	\015\012''truecolor''\015\012COMMONPROGRAMFILES	\015\012''C:\\Program Files\\Common Files''\015\012COMMONPROGRAMFILES(X86)	\015\012''C:\\Program Files (x86)\\Common Files''\015\012COMMONPROGRAMW6432	\015\012''C:\\Program Files\\Common Files''\015\012COMPUTERNAME	\015\012''DESKTOP-T51QSKH''\015\012COMSPEC	\015\012''C:\\Windows\\system32\\cmd.exe''\015\012CONTENT_LENGTH	\015\012''''\015\012CONTENT_TYPE	\015\012''text/plain''\015\012CSRF_COOKIE	\015\012''jH1PWZbQ1bk1qQDlNPmbBAljVqJDbhUW''\015\012DB_HOST	\015\012''localhost''\015\012DB_NAME	\015\012''s_acm_db''\015\012DB_PASSWORD	\015\012''********************''\015\012DB_PORT	\015\012''5432''\015\012DB_USER	\015\012''postgres''\015\012DEBUG	\015\012''True''\015\012DJANGO_SETTINGS_MODULE	\015\012''config.settings''\015\012DRIVERDATA	\015\012''C:\\Windows\\System32\\Drivers\\DriverData''\015\012EMAIL_HOST	\015\012''smtp.gmail.com''\015\012EMAIL_HOST_PASSWORD	\015\012''********************''\015\012EMAIL_HOST_USER	\015\012''moain.learn@gmail.com''\015\012EMAIL_PORT	\015\012''587''\015\012EMAIL_USE_TLS	\015\012''True''\015\012GATEWAY_INTERFACE	\015\012''CGI/1.1''\015\012GEMINI_API_KEY	\015\012''********************''\015\012GIT_ASKPASS	\015\012''********************''\015\012HOMEDRIVE	\015\012''C:''\015\012HOMEPATH	\015\012''\\Users\\Moain''\015\012HTTP_ACCEPT	\015\012''text/html,application/xhtml+xml,application/xml;q=0.9,image/avif,image/webp,image/apng,*/*;q=0.8,application/signed-exchange;v=b3;q=0.7''\015\012HTTP_ACCEPT_ENCODING	\015\012''gzip, deflate, br, zstd''\015\012HTTP_ACCEPT_LANGUAGE	\015\012''ar-EG,ar;q=0.9,en-US;q=0.8,en;q=0.7''\015\012HTTP_CACHE_CONTROL	\015\012''max-age=0''\015\012HTTP_CONNECTION	\015\012''keep-alive''\015\012HTTP_COOKIE	\015\012''********************''\015\012HTTP_HOST	\015\012''127.0.0.1:8000''\015\012HTTP_REFERER	\015\012''http://127.0.0.1:8000/accounts/admin/users/create/''\015\012HTTP_SEC_CH_UA	\015\012''"Not(A:Brand";v="8", "Chromium";v="144", "Google Chrome";v="144"''\015\012HTTP_SEC_CH_UA_MOBILE	\015\012''?0''\015\012HTTP_SEC_CH_UA_PLATFORM	\015\012''"Windows"''\015\012HTTP_SEC_FETCH_DEST	\015\012''document''\015\012HTTP_SEC_FETCH_MODE	\015\012''navigate''\015\012HTTP_SEC_FETCH_SITE	\015\012''same-origin''\015\012HTTP_SEC_FETCH_USER	\015\012''?1''\015\012HTTP_UPGRADE_INSECURE_REQUESTS	\015\012''1''\015\012HTTP_USER_AGENT	\015\012(''Mozilla/5.0 (Windows NT 10.0; Win64; x64) AppleWebKit/537.36 (KHTML, like ''\015\012 ''Gecko) Chrome/144.0.0.0 Safari/537.36'')\015\012LANG	\015\012''en_US.UTF-8''\015\012LOCALAPPDATA	\015\012''C:\\Users\\Moain\\AppData\\Local''\015\012LOGONSERVER	\015\012''\\\\DESKTOP-T51QSKH''\015\012NUMBER_OF_PROCESSORS	\015\012''8''\015\012ONEDRIVE	\015\012''F:\\OneDrive''\015\012ONEDRIVECONSUMER	\015\012''F:\\OneDrive''\015\012OPENAI_API_KEY	\015\012''********************''\015\012OPENAI_BASE_URL	\015\012''https://www.google.com/url?sa=E&source=gmail&q=https://generativelanguage.googleapis.com/v1beta/openai/''\015\012ORIGINAL_XDG_CURRENT_DESKTOP	\015\012''undefined''\015\012OS	\015\012''Windows_NT''\015\012PATH	\015\012(''E:\\ScamV4\\venv\\Scripts;C:\\Program Files (x86)\\VMware\\VMware ''\015\012 ''Workstation\\bin\\;C:\\Program Files\\Python313\\Scripts\\;C:\\Program ''\015\012 ''Files\\Python313\\;C:\\Windows\\system32;C:\\Windows;C:\\Windows\\System32\\Wbem;C:\\Windows\\System32\\WindowsPowerShell\\v1.0\\;C:\\Windows\\System32\\OpenSSH\\;C:\\Program ''\015\012 ''Files\\Microsoft SQL Server\\150\\Tools\\Binn\\;C:\\Program Files\\Microsoft ''\015\012 ''SQL Server\\Client SDK\\ODBC\\170\\Tools\\Binn\\;C:\\Program ''\015\012 ''Files\\dotnet\\;C:\\Program ''\015\012 ''Files\\Git\\cmd;C:\\Users\\Moain\\.local\\bin;C:\\Users\\Moain\\AppData\\Local\\Microsoft\\WindowsApps;C:\\Users\\Moain\\AppData\\Local\\Programs\\Microsoft ''\015\012 ''VS ''\015\012 ''Code\\bin;C:\\Users\\Moain\\.dotnet\\tools;C:\\Users\\Moain\\AppData\\Local\\Programs\\Windsurf\\bin;C:\\Users\\Moain\\AppData\\Local\\Programs\\Antigravity\\bin;c:\\Users\\Moain\\.antigravity\\extensions\\ms-python.debugpy-2025.18.0-win32-x64\\bundled\\scripts\\noConfigScripts'')\015\012PATHEXT	\015\012''.COM;.EXE;.BAT;.CMD;.VBS;.VBE;.JS;.JSE;.WSF;.WSH;.MSC;.PY;.PYW;.CPL''\015\012PATH_INFO	\015\012''/accounts/admin/users/''\015\012PROCESSOR_ARCHITECTURE	\015\012''AMD64''\015\012PROCESSOR_IDENTIFIER	\015\012''Intel64 Family 6 Model 94 Stepping 3, GenuineIntel''\015\012PROCESSOR_LEVEL	\015\012''6''\015\012PROCESSOR_REVISION	\015\012''5e03''\015\012PROGRAMDATA	\015\012''C:\\ProgramData''\015\012PROGRAMFILES	\015\012''C:\\Program Files''\015\012PROGRAMFILES(X86)	\015\012''C:\\Program Files (x86)''\015\012PROGRAMW6432	\015\012''C:\\Program Files''\015\012PSMODULEPATH	\015\012(''C:\\Users\\Moain\\Documents\\WindowsPowerShell\\Modules;C:\\Program ''\015\012 ''Files\\WindowsPowerShell\\Modules;C:\\Windows\\system32\\WindowsPowerShell\\v1.0\\Modules'')\015\012PUBLIC	\015\012''C:\\Users\\Public''\015\012PYDEVD_DISABLE_FILE_VALIDATION	\015\012''1''\015\012PYTHONSTARTUP	\015\012''c:\\Users\\Moain\\AppData\\Roaming\\Antigravity\\User\\workspaceStorage\\56a45a090c9284f1e2c9aa991067a334\\ms-python.python\\pythonrc.py''\015\012PYTHON_BASIC_REPL	\015\012''1''\015\012QUERY_STRING	\015\012''''\015\012REMOTE_ADDR	\015\012''127.0.0.1''\015\012REMOTE_HOST	\015\012''''\015\012REQUEST_METHOD	\015\012''GET''\015\012RUN_MAIN	\015\012''true''\015\012SCRIPT_NAME	\015\012''''\015\012SECRET_KEY	\015\012''********************''\015\012SERVER_NAME	\015\012''DESKTOP-T51QSKH''\015\012SERVER_PORT	\015\012''8000''\015\012SERVER_PROTOCOL	\015\012''HTTP/1.1''\015\012SERVER_SOFTWARE	\015\012''WSGIServer/0.2''\015\012SESSIONNAME	\015\012''Console''\015\012SYSTEMDRIVE	\015\012''C:''\015\012SYSTEMROOT	\015\012''C:\\Windows''\015\012TEMP	\015\012''C:\\Users\\Moain\\AppData\\Local\\Temp''\015\012TERM_PROGRAM	\015\012''vscode''\015\012TERM_PROGRAM_VERSION	\015\012''1.104.0''\015\012TMP	\015\012''C:\\Users\\Moain\\AppData\\Local\\Temp''\015\012USERDOMAIN	\015\012''DESKTOP-T51QSKH''\015\012USERDOMAIN_ROAMINGPROFILE	\015\012''DESKTOP-T51QSKH''\015\012USERNAME	\015\012''Moain''\015\012USERPROFILE	\015\012''C:\\Users\\Moain''\015\012USE_POSTGRES	\015\012''False''\015\012VIRTUAL_ENV	\015\012''E:\\ScamV4\\venv''\015\012VIRTUAL_ENV_PROMPT	\015\012''venv''\015\012VSCODE_DEBUGPY_ADAPTER_ENDPOINTS	\015\012''c:\\Users\\Moain\\.antigravity\\extensions\\ms-python.debugpy-2025.18.0-win32-x64\\.noConfigDebugAdapterEndpoints\\endpoint-c1359cf5dd3c0270.txt''\015\012VSCODE_GIT_ASKPASS_EXTRA_ARGS	\015\012''********************''\015\012VSCODE_GIT_ASKPASS_MAIN	\015\012''********************''\015\012VSCODE_GIT_ASKPASS_NODE	\015\012''********************''\015\012VSCODE_GIT_IPC_HANDLE	\015\012''\\\\.\\pipe\\vscode-git-6fbdc9321c-sock''\015\012VSCODE_INJECTION	\015\012''1''\015\012VSCODE_PYTHON_AUTOACTIVATE_GUARD	\015\012''1''\015\012WINDIR	\015\012''C:\\Windows''\015\012_OLD_VIRTUAL_PATH	\015\012(''C:\\Program Files (x86)\\VMware\\VMware Workstation\\bin\\;C:\\Program ''\015\012 ''Files\\Python313\\Scripts\\;C:\\Program ''\015\012 ''Files\\Python313\\;C:\\Windows\\system32;C:\\Windows;C:\\Windows\\System32\\Wbem;C:\\Windows\\System32\\WindowsPowerShell\\v1.0\\;C:\\Windows\\System32\\OpenSSH\\;C:\\Program ''\015\012 ''Files\\Microsoft SQL Server\\150\\Tools\\Binn\\;C:\\Program Files\\Microsoft ''\015\012 ''SQL Server\\Client SDK\\ODBC\\170\\Tools\\Binn\\;C:\\Program ''\015\012 ''Files\\dotnet\\;C:\\Program ''\015\012 ''Files\\Git\\cmd;C:\\Users\\Moain\\.local\\bin;C:\\Users\\Moain\\AppData\\Local\\Microsoft\\WindowsApps;C:\\Users\\Moain\\AppData\\Local\\Programs\\Microsoft ''\015\012 ''VS ''\015\012 ''Code\\bin;C:\\Users\\Moain\\.dotnet\\tools;C:\\Users\\Moain\\AppData\\Local\\Programs\\Windsurf\\bin;C:\\Users\\Moain\\AppData\\Local\\Programs\\Antigravity\\bin;c:\\Users\\Moain\\.antigravity\\extensions\\ms-python.debugpy-2025.18.0-win32-x64\\bundled\\scripts\\noConfigScripts'')\015\012wsgi.errors	\015\012<_io.TextIOWrapper name=''<stderr>'' mode=''w'' encoding=''utf-8''>\015\012wsgi.file_wrapper	\015\012<class ''wsgiref.util.FileWrapper''>\015\012wsgi.input	\015\012<django.core.handlers.wsgi.LimitedStream object at 0x000001ACC7E39AB0>\015\012wsgi.multiprocess	\015\012False\015\012wsgi.multithread	\015\012True\015\012wsgi.run_once	\015\012False\015\012wsgi.url_scheme	\015\012''http''\015\012wsgi.version	\015\012(1, 0)\015\012Settings\015\012Using settings module config.settings\015\012Setting	Value\015\012ABSOLUTE_URL_OVERRIDES	\015\012{}\015\012ADMINS	\015\012[]\015\012AI_RATE_LIMIT_PER_HOUR	\015\01210\015\012ALLOWED_FILE_EXTENSIONS	\015\012[''.pdf'', ''.doc'', ''.docx'', ''.ppt'', ''.pptx'', ''.txt'', ''.md'']\015\012ALLOWED_HOSTS	\015\012[''localhost'', ''127.0.0.1'', ''[::1]'']\015\012ALLOWED_IMAGE_EXTENSIONS	\015\012[''.jpg'', ''.jpeg'', ''.png'', ''.gif'', ''.webp'']\015\012ALLOWED_VIDEO_EXTENSIONS	\015\012[''.mp4'', ''.webm'', ''.avi'', ''.mov'']\015\012APPEND_SLASH	\015\012True\015\012AUTHENTICATION_BACKENDS	\015\012''********************''\015\012AUTH_PASSWORD_VALIDATORS	\015\012''********************''\015\012AUTH_USER_MODEL	\015\012''********************''\015\012BASE_DIR	\015\012WindowsPath(''E:/ScamV4'')\015\012CACHES	\015\012{''default'': {''BACKEND'': ''django.core.cache.backends.locmem.LocMemCache''}}\015\012CACHE_MIDDLEWARE_ALIAS	\015\012''default''\015\012CACHE_MIDDLEWARE_KEY_PREFIX	\015\012''********************''\015\012CACHE_MIDDLEWARE_SECONDS	\015\012600\015\012CSRF_COOKIE_AGE	\015\01231449600\015\012CSRF_COOKIE_DOMAIN	\015\012None\015\012CSRF_COOKIE_HTTPONLY	\015\012False\015\012CSRF_COOKIE_NAME	\015\012''csrftoken''\015\012CSRF_COOKIE_PATH	\015\012''/''\015\012CSRF_COOKIE_SAMESITE	\015\012''Lax''\015\012CSRF_COOKIE_SECURE	\015\012False\015\012CSRF_FAILURE_VIEW	\015\012''django.views.csrf.csrf_failure''\015\012CSRF_HEADER_NAME	\015\012''HTTP_X_CSRFTOKEN''\015\012CSRF_TRUSTED_ORIGINS	\015\012[]\015\012CSRF_USE_SESSIONS	\015\012False\015\012DATABASES	\015\012{''default'': {''ATOMIC_REQUESTS'': False,\015\012             ''AUTOCOMMIT'': True,\015\012             ''CONN_HEALTH_CHECKS'': False,\015\012             ''CONN_MAX_AGE'': 0,\015\012             ''ENGINE'': ''django.db.backends.sqlite3'',\015\012             ''HOST'': '''',\015\012             ''NAME'': WindowsPath(''E:/ScamV4/db.sqlite3''),\015\012             ''OPTIONS'': {},\015\012             ''PASSWORD'': ''********************'',\015\012             ''PORT'': '''',\015\012             ''TEST'': {''CHARSET'': None,\015\012                      ''COLLATION'': None,\015\012                      ''MIGRATE'': True,\015\012                      ''MIRROR'': None,\015\012                      ''NAME'': None},\015\012             ''TIME_ZONE'': None,\015\012             ''USER'': ''''}}\015\012DATABASE_ROUTERS	\015\012[]\015\012DATA_UPLOAD_MAX_MEMORY_SIZE	\015\0122621440\015\012DATA_UPLOAD_MAX_NUMBER_FIELDS	\015\0121000\015\012DATA_UPLOAD_MAX_NUMBER_FILES	\015\012100\015\012DATETIME_FORMAT	\015\012''N j, Y, P''\015\012DATETIME_INPUT_FORMATS	\015\012[''%Y-%m-%d %H:%M:%S'',\015\012 ''%Y-%m-%d %H:%M:%S.%f'',\015\012 ''%Y-%m-%d %H:%M'',\015\012 ''%m/%d/%Y %H:%M:%S'',\015\012 ''%m/%d/%Y %H:%M:%S.%f'',\015\012 ''%m/%d/%Y %H:%M'',\015\012 ''%m/%d/%y %H:%M:%S'',\015\012 ''%m/%d/%y %H:%M:%S.%f'',\015\012 ''%m/%d/%y %H:%M'']\015\012DATE_FORMAT	\015\012''N j, Y''\015\012DATE_INPUT_FORMATS	\015\012[''%Y-%m-%d'',\015\012 ''%m/%d/%Y'',\015\012 ''%m/%d/%y'',\015\012 ''%b %d %Y'',\015\012 ''%b %d, %Y'',\015\012 ''%d %b %Y'',\015\012 ''%d %b, %Y'',\015\012 ''%B %d %Y'',\015\012 ''%B %d, %Y'',\015\012 ''%d %B %Y'',\015\012 ''%d %B, %Y'']\015\012DEBUG	\015\012True\015\012DEBUG_PROPAGATE_EXCEPTIONS	\015\012False\015\012DECIMAL_SEPARATOR	\015\012''.''\015\012DEFAULT_AUTO_FIELD	\015\012''django.db.models.BigAutoField''\015\012DEFAULT_CHARSET	\015\012''utf-8''\015\012DEFAULT_EXCEPTION_REPORTER	\015\012''django.views.debug.ExceptionReporter''\015\012DEFAULT_EXCEPTION_REPORTER_FILTER	\015\012''django.views.debug.SafeExceptionReporterFilter''\015\012DEFAULT_FROM_EMAIL	\015\012''moain.learn@gmail.com''\015\012DEFAULT_INDEX_TABLESPACE	\015\012''''\015\012DEFAULT_TABLESPACE	\015\012''''\015\012DISALLOWED_USER_AGENTS	\015\012[]\015\012EMAIL_BACKEND	\015\012''django.core.mail.backends.smtp.EmailBackend''\015\012EMAIL_HOST	\015\012''smtp.gmail.com''\015\012EMAIL_HOST_PASSWORD	\015\012''********************''\015\012EMAIL_HOST_USER	\015\012''moain.learn@gmail.com''\015\012EMAIL_PORT	\015\012587\015\012EMAIL_SSL_CERTFILE	\015\012None\015\012EMAIL_SSL_KEYFILE	\015\012''********************''\015\012EMAIL_SUBJECT_PREFIX	\015\012''[Django] ''\015\012EMAIL_TIMEOUT	\015\012None\015\012EMAIL_USE_LOCALTIME	\015\012False\015\012EMAIL_USE_SSL	\015\012False\015\012EMAIL_USE_TLS	\015\012True\015\012FILE_UPLOAD_DIRECTORY_PERMISSIONS	\015\012None\015\012FILE_UPLOAD_HANDLERS	\015\012[''django.core.files.uploadhandler.MemoryFileUploadHandler'',\015\012 ''django.core.files.uploadhandler.TemporaryFileUploadHandler'']\015\012FILE_UPLOAD_MAX_MEMORY_SIZE	\015\0122621440\015\012FILE_UPLOAD_PERMISSIONS	\015\012420\015\012FILE_UPLOAD_TEMP_DIR	\015\012None\015\012FIRST_DAY_OF_WEEK	\015\0120\015\012FIXTURE_DIRS	\015\012[]\015\012FORCE_SCRIPT_NAME	\015\012None\015\012FORMAT_MODULE_PATH	\015\012None\015\012FORMS_URLFIELD_ASSUME_HTTPS	\015\012False\015\012FORM_RENDERER	\015\012''django.forms.renderers.DjangoTemplates''\015\012GEMINI_API_KEY	\015\012''********************''\015\012IGNORABLE_404_URLS	\015\012[]\015\012INSTALLED_APPS	\015\012[''django.contrib.admin'',\015\012 ''django.contrib.auth'',\015\012 ''django.contrib.contenttypes'',\015\012 ''django.contrib.sessions'',\015\012 ''django.contrib.messages'',\015\012 ''django.contrib.staticfiles'',\015\012 ''apps.core.apps.CoreConfig'',\015\012 ''apps.accounts.apps.AccountsConfig'',\015\012 ''apps.courses.apps.CoursesConfig'',\015\012 ''apps.notifications.apps.NotificationsConfig'',\015\012 ''apps.ai_features.apps.AiFeaturesConfig'']\015\012INTERNAL_IPS	\015\012[]\015\012LANGUAGES	\015\012[(''af'', ''Afrikaans''),\015\012 (''ar'', ''Arabic''),\015\012 (''ar-dz'', ''Algerian Arabic''),\015\012 (''ast'', ''Asturian''),\015\012 (''az'', ''Azerbaijani''),\015\012 (''bg'', ''Bulgarian''),\015\012 (''be'', ''Belarusian''),\015\012 (''bn'', ''Bengali''),\015\012 (''br'', ''Breton''),\015\012 (''bs'', ''Bosnian''),\015\012 (''ca'', ''Catalan''),\015\012 (''ckb'', ''Central Kurdish (Sorani)''),\015\012 (''cs'', ''Czech''),\015\012 (''cy'', ''Welsh''),\015\012 (''da'', ''Danish''),\015\012 (''de'', ''German''),\015\012 (''dsb'', ''Lower Sorbian''),\015\012 (''el'', ''Greek''),\015\012 (''en'', ''English''),\015\012 (''en-au'', ''Australian English''),\015\012 (''en-gb'', ''British English''),\015\012 (''eo'', ''Esperanto''),\015\012 (''es'', ''Spanish''),\015\012 (''es-ar'', ''Argentinian Spanish''),\015\012 (''es-co'', ''Colombian Spanish''),\015\012 (''es-mx'', ''Mexican Spanish''),\015\012 (''es-ni'', ''Nicaraguan Spanish''),\015\012 (''es-ve'', ''Venezuelan Spanish''),\015\012 (''et'', ''Estonian''),\015\012 (''eu'', ''Basque''),\015\012 (''fa'', ''Persian''),\015\012 (''fi'', ''Finnish''),\015\012 (''fr'', ''French''),\015\012 (''fy'', ''Frisian''),\015\012 (''ga'', ''Irish''),\015\012 (''gd'', ''Scottish Gaelic''),\015\012 (''gl'', ''Galician''),\015\012 (''he'', ''Hebrew''),\015\012 (''hi'', ''Hindi''),\015\012 (''hr'', ''Croatian''),\015\012 (''hsb'', ''Upper Sorbian''),\015\012 (''hu'', ''Hungarian''),\015\012 (''hy'', ''Armenian''),\015\012 (''ia'', ''Interlingua''),\015\012 (''id'', ''Indonesian''),\015\012 (''ig'', ''Igbo''),\015\012 (''io'', ''Ido''),\015\012 (''is'', ''Icelandic''),\015\012 (''it'', ''Italian''),\015\012 (''ja'', ''Japanese''),\015\012 (''ka'', ''Georgian''),\015\012 (''kab'', ''Kabyle''),\015\012 (''kk'', ''Kazakh''),\015\012 (''km'', ''Khmer''),\015\012 (''kn'', ''Kannada''),\015\012 (''ko'', ''Korean''),\015\012 (''ky'', ''Kyrgyz''),\015\012 (''lb'', ''Luxembourgish''),\015\012 (''lt'', ''Lithuanian''),\015\012 (''lv'', ''Latvian''),\015\012 (''mk'', ''Macedonian''),\015\012 (''ml'', ''Malayalam''),\015\012 (''mn'', ''Mongolian''),\015\012 (''mr'', ''Marathi''),\015\012 (''ms'', ''Malay''),\015\012 (''my'', ''Burmese''),\015\012 (''nb'', ''Norwegian Bokmål''),\015\012 (''ne'', ''Nepali''),\015\012 (''nl'', ''Dutch''),\015\012 (''nn'', ''Norwegian Nynorsk''),\015\012 (''os'', ''Ossetic''),\015\012 (''pa'', ''Punjabi''),\015\012 (''pl'', ''Polish''),\015\012 (''pt'', ''Portuguese''),\015\012 (''pt-br'', ''Brazilian Portuguese''),\015\012 (''ro'', ''Romanian''),\015\012 (''ru'', ''Russian''),\015\012 (''sk'', ''Slovak''),\015\012 (''sl'', ''Slovenian''),\015\012 (''sq'', ''Albanian''),\015\012 (''sr'', ''Serbian''),\015\012 (''sr-latn'', ''Serbian Latin''),\015\012 (''sv'', ''Swedish''),\015\012 (''sw'', ''Swahili''),\015\012 (''ta'', ''Tamil''),\015\012 (''te'', ''Telugu''),\015\012 (''tg'', ''Tajik''),\015\012 (''th'', ''Thai''),\015\012 (''tk'', ''Turkmen''),\015\012 (''tr'', ''Turkish''),\015\012 (''tt'', ''Tatar''),\015\012 (''udm'', ''Udmurt''),\015\012 (''ug'', ''Uyghur''),\015\012 (''uk'', ''Ukrainian''),\015\012 (''ur'', ''Urdu''),\015\012 (''uz'', ''Uzbek''),\015\012 (''vi'', ''Vietnamese''),\015\012 (''zh-hans'', ''Simplified Chinese''),\015\012 (''zh-hant'', ''Traditional Chinese'')]\015\012LANGUAGES_BIDI	\015\012[''he'', ''ar'', ''ar-dz'', ''ckb'', ''fa'', ''ug'', ''ur'']\015\012LANGUAGE_CODE	\015\012''ar''\015\012LANGUAGE_COOKIE_AGE	\015\012None\015\012LANGUAGE_COOKIE_DOMAIN	\015\012None\015\012LANGUAGE_COOKIE_HTTPONLY	\015\012False\015\012LANGUAGE_COOKIE_NAME	\015\012''django_language''\015\012LANGUAGE_COOKIE_PATH	\015\012''/''\015\012LANGUAGE_COOKIE_SAMESITE	\015\012None\015\012LANGUAGE_COOKIE_SECURE	\015\012False\015\012LOCALE_PATHS	\015\012[]\015\012LOGGING	\015\012{''disable_existing_loggers'': False,\015\012 ''filters'': {''require_debug_false'': {''()'': ''django.utils.log.RequireDebugFalse''},\015\012             ''require_debug_true'': {''()'': ''django.utils.log.RequireDebugTrue''}},\015\012 ''formatters'': {''detailed'': {''datefmt'': ''%Y-%m-%d %H:%M:%S'',\015\012                             ''format'': ''[{asctime}] {levelname} ''\015\012                                       ''[{name}:{lineno}] {message}'',\015\012                             ''style'': ''{''},\015\012                ''simple'': {''format'': ''{levelname} {asctime} {module} {message}'',\015\012                           ''style'': ''{''},\015\012                ''verbose'': {''format'': ''{levelname} {asctime} {module} ''\015\012                                      ''{process:d} {thread:d} {message}'',\015\012                            ''style'': ''{''}},\015\012 ''handlers'': {''ai_file'': {''backupCount'': 5,\015\012                          ''class'': ''logging.handlers.RotatingFileHandler'',\015\012                          ''encoding'': ''utf-8'',\015\012                          ''filename'': WindowsPath(''E:/ScamV4/logs/ai_features.log''),\015\012                          ''formatter'': ''detailed'',\015\012                          ''level'': ''INFO'',\015\012                          ''maxBytes'': 10485760},\015\012              ''console'': {''class'': ''logging.StreamHandler'',\015\012                          ''filters'': [''require_debug_true''],\015\012                          ''formatter'': ''simple'',\015\012                          ''level'': ''INFO''},\015\012              ''error_file'': {''backupCount'': 10,\015\012                             ''class'': ''logging.handlers.RotatingFileHandler'',\015\012                             ''encoding'': ''utf-8'',\015\012                             ''filename'': WindowsPath(''E:/ScamV4/logs/errors.log''),\015\012                             ''formatter'': ''detailed'',\015\012                             ''level'': ''ERROR'',\015\012                             ''maxBytes'': 10485760},\015\012              ''file'': {''backupCount'': 5,\015\012                       ''class'': ''logging.handlers.RotatingFileHandler'',\015\012                       ''encoding'': ''utf-8'',\015\012                       ''filename'': WindowsPath(''E:/ScamV4/logs/django.log''),\015\012                       ''formatter'': ''detailed'',\015\012                       ''level'': ''INFO'',\015\012                       ''maxBytes'': 10485760},\015\012              ''mail_admins'': {''class'': ''django.utils.log.AdminEmailHandler'',\015\012                              ''filters'': [''require_debug_false''],\015\012                              ''include_html'': True,\015\012                              ''level'': ''ERROR''},\015\012              ''security_file'': {''backupCount'': 10,\015\012                                ''class'': ''logging.handlers.RotatingFileHandler'',\015\012                                ''encoding'': ''utf-8'',\015\012                                ''filename'': WindowsPath(''E:/ScamV4/logs/security.log''),\015\012                                ''formatter'': ''detailed'',\015\012                                ''level'': ''WARNING'',\015\012                                ''maxBytes'': 10485760}},\015\012 ''loggers'': {''accounts'': {''handlers'': [''console'', ''file'', ''security_file''],\015\012                          ''level'': ''INFO'',\015\012                          ''propagate'': False},\015\012             ''ai_features'': {''handlers'': [''console'', ''ai_file''],\015\012                             ''level'': ''INFO'',\015\012                             ''propagate'': False},\015\012             ''courses'': {''handlers'': [''console'', ''file''],\015\012                         ''level'': ''INFO'',\015\012                         ''propagate'': False},\015\012             ''django'': {''handlers'': [''console'', ''file''],\015\012                        ''level'': ''INFO'',\015\012                        ''propagate'': True},\015\012             ''django.request'': {''handlers'': [''error_file'', ''mail_admins''],\015\012                                ''level'': ''ERROR'',\015\012                                ''propagate'': False},\015\012             ''django.security'': {''handlers'': [''security_file''],\015\012                                 ''level'': ''WARNING'',\015\012                                 ''propagate'': False},\015\012             ''notifications'': {''handlers'': [''console'', ''file''],\015\012                               ''level'': ''INFO'',\015\012                               ''propagate'': False}},\015\012 ''version'': 1}\015\012LOGGING_CONFIG	\015\012''logging.config.dictConfig''\015\012LOGIN_REDIRECT_URL	\015\012''core:dashboard_redirect''\015\012LOGIN_URL	\015\012''accounts:login''\015\012LOGOUT_REDIRECT_URL	\015\012''accounts:login''\015\012LOGS_DIR	\015\012WindowsPath(''E:/ScamV4/logs'')\015\012MANAGERS	\015\012[]\015\012MAX_UPLOAD_SIZE	\015\01252428800\015\012MEDIA_ROOT	\015\012WindowsPath(''E:/ScamV4/media'')\015\012MEDIA_URL	\015\012''/media/''\015\012MESSAGE_STORAGE	\015\012''django.contrib.messages.storage.fallback.FallbackStorage''\015\012MIDDLEWARE	\015\012[''django.middleware.security.SecurityMiddleware'',\015\012 ''django.contrib.sessions.middleware.SessionMiddleware'',\015\012 ''django.middleware.common.CommonMiddleware'',\015\012 ''django.middleware.csrf.CsrfViewMiddleware'',\015\012 ''django.contrib.auth.middleware.AuthenticationMiddleware'',\015\012 ''apps.core.middleware.PermissionMiddleware'',\015\012 ''django.contrib.messages.middleware.MessageMiddleware'',\015\012 ''django.middleware.clickjacking.XFrameOptionsMiddleware'']\015\012MIGRATION_MODULES	\015\012{}\015\012MONTH_DAY_FORMAT	\015\012''F j''\015\012NUMBER_GROUPING	\015\0120\015\012PASSWORD_HASHERS	\015\012''********************''\015\012PASSWORD_RESET_TIMEOUT	\015\012''********************''\015\012PREPEND_WWW	\015\012False\015\012ROOT_URLCONF	\015\012''config.urls''\015\012SECRET_KEY	\015\012''********************''\015\012SECRET_KEY_FALLBACKS	\015\012''********************''\015\012SECURE_CONTENT_TYPE_NOSNIFF	\015\012True\015\012SECURE_CROSS_ORIGIN_OPENER_POLICY	\015\012''same-origin''\015\012SECURE_HSTS_INCLUDE_SUBDOMAINS	\015\012False\015\012SECURE_HSTS_PRELOAD	\015\012False\015\012SECURE_HSTS_SECONDS	\015\0120\015\012SECURE_PROXY_SSL_HEADER	\015\012None\015\012SECURE_REDIRECT_EXEMPT	\015\012[]\015\012SECURE_REFERRER_POLICY	\015\012''same-origin''\015\012SECURE_SSL_HOST	\015\012None\015\012SECURE_SSL_REDIRECT	\015\012False\015\012SERVER_EMAIL	\015\012''root@localhost''\015\012SESSION_CACHE_ALIAS	\015\012''default''\015\012SESSION_COOKIE_AGE	\015\01286400\015\012SESSION_COOKIE_DOMAIN	\015\012None\015\012SESSION_COOKIE_HTTPONLY	\015\012True\015\012SESSION_COOKIE_NAME	\015\012''sessionid''\015\012SESSION_COOKIE_PATH	\015\012''/''\015\012SESSION_COOKIE_SAMESITE	\015\012''Lax''\015\012SESSION_COOKIE_SECURE	\015\012False\015\012SESSION_ENGINE	\015\012''django.contrib.sessions.backends.db''\015\012SESSION_EXPIRE_AT_BROWSER_CLOSE	\015\012False\015\012SESSION_FILE_PATH	\015\012None\015\012SESSION_SAVE_EVERY_REQUEST	\015\012False\015\012SESSION_SERIALIZER	\015\012''django.contrib.sessions.serializers.JSONSerializer''\015\012SETTINGS_MODULE	\015\012''config.settings''\015\012SHORT_DATETIME_FORMAT	\015\012''m/d/Y P''\015\012SHORT_DATE_FORMAT	\015\012''m/d/Y''\015\012SIGNING_BACKEND	\015\012''django.core.signing.TimestampSigner''\015\012SILENCED_SYSTEM_CHECKS	\015\012[]\015\012STATICFILES_DIRS	\015\012[WindowsPath(''E:/ScamV4/static'')]\015\012STATICFILES_FINDERS	\015\012[''django.contrib.staticfiles.finders.FileSystemFinder'',\015\012 ''django.contrib.staticfiles.finders.AppDirectoriesFinder'']\015\012STATIC_ROOT	\015\012WindowsPath(''E:/ScamV4/staticfiles'')\015\012STATIC_URL	\015\012''/static/''\015\012STORAGES	\015\012{''default'': {''BACKEND'': ''django.core.files.storage.FileSystemStorage''},\015\012 ''staticfiles'': {''BACKEND'': ''django.contrib.staticfiles.storage.StaticFilesStorage''}}\015\012TEMPLATES	\015\012[{''APP_DIRS'': True,\015\012  ''BACKEND'': ''django.template.backends.django.DjangoTemplates'',\015\012  ''DIRS'': [WindowsPath(''E:/ScamV4/templates'')],\015\012  ''OPTIONS'': {''context_processors'': [''django.template.context_processors.debug'',\015\012                                     ''django.template.context_processors.request'',\015\012                                     ''django.contrib.auth.context_processors.auth'',\015\012                                     ''django.contrib.messages.context_processors.messages'',\015\012                                     ''apps.core.context_processors.site_settings'',\015\012                                     ''apps.core.context_processors.user_notifications'',\015\012                                     ''apps.core.context_processors.user_role_info'',\015\012                                     ''apps.core.context_processors.current_semester'']}}]\015\012TEST_NON_SERIALIZED_APPS	\015\012[]\015\012TEST_RUNNER	\015\012''django.test.runner.DiscoverRunner''\015\012THOUSAND_SEPARATOR	\015\012'',''\015\012TIME_FORMAT	\015\012''P''\015\012TIME_INPUT_FORMATS	\015\012[''%H:%M:%S'', ''%H:%M:%S.%f'', ''%H:%M'']\015\012TIME_ZONE	\015\012''Asia/Riyadh''\015\012USE_I18N	\015\012True\015\012USE_POSTGRES	\015\012False\015\012USE_THOUSAND_SEPARATOR	\015\012False\015\012USE_TZ	\015\012True\015\012USE_X_FORWARDED_HOST	\015\012False\015\012USE_X_FORWARDED_PORT	\015\012False\015\012WSGI_APPLICATION	\015\012''config.wsgi.application''\015\012X_FRAME_OPTIONS	\015\012''DENY''\015\012YEAR_MONTH_FORMAT	\015\012''F Y''\015\012You’re seeing this error because you have DEBUG = True in your Django settings file. Change that to False, and Django will display a standard page generated by the handler for this status code.\015\012\015\012شرح','\015',char(13)),'\012',char(10)),'general','normal','2026-01-26 05:28:38.708860',NULL,1,NULL,1,NULL,NULL,0,0,NULL);
INSERT INTO notifications VALUES(2,'ملف جديد في دوره حاسوب','تم رفع ملف جديد: محاضره عن تعلم الحاسوب','file_upload','normal','2026-02-07 23:05:33.496585',NULL,1,3,10,NULL,NULL,0,0,NULL);
INSERT INTO notifications VALUES(3,'ملف جديد في دوره حاسوب','تم رفع ملف جديد: محاضره عن تعلم الحاسوب','file_upload','normal','2026-02-08 02:56:55.080006',NULL,1,3,10,NULL,NULL,0,0,NULL);
INSERT INTO notifications VALUES(4,'متاشستنءل','ضستنؤضصنتثريءهؤ نصثؤ','general','urgent','2026-02-08 06:27:03.082137',NULL,1,3,10,NULL,NULL,0,0,NULL);
INSERT INTO notifications VALUES(5,'ملف جديد في دوره حاسوب','تم رفع ملف جديد: نماثمنيامسنشاي','file_upload','normal','2026-02-08 06:35:04.209640',NULL,1,3,10,NULL,NULL,0,0,NULL);
INSERT INTO notifications VALUES(6,'مرحباً بك في S-ACM!','أهلاً مهند يوسف سيف، تم تفعيل حسابك بنجاح. يمكنك الآن استخدام جميع خدمات النظام.','welcome','normal','2026-02-09 21:20:24.656249',NULL,1,NULL,NULL,NULL,NULL,0,0,NULL);
INSERT INTO notifications VALUES(7,'مرحباً بك في S-ACM!','أهلاً رياض، تم تفعيل حسابك بنجاح. يمكنك الآن استخدام جميع خدمات النظام.','welcome','normal','2026-02-09 22:16:04.456717',NULL,1,NULL,NULL,NULL,NULL,0,0,NULL);
INSERT INTO notifications VALUES(8,'مرحباً بك في S-ACM!','أهلاً د مهند، تم تفعيل حسابك بنجاح. يمكنك الآن استخدام جميع خدمات النظام.','welcome','normal','2026-02-10 01:39:28.286169',NULL,1,NULL,NULL,NULL,NULL,0,0,NULL);
CREATE TABLE IF NOT EXISTS "ai_configuration" ("id" integer NOT NULL PRIMARY KEY , "chunk_size" integer unsigned NOT NULL CHECK ("chunk_size" >= 0), "chunk_overlap" integer unsigned NOT NULL CHECK ("chunk_overlap" >= 0), "max_output_tokens" integer unsigned NOT NULL CHECK ("max_output_tokens" >= 0), "temperature" real NOT NULL, "user_rate_limit_per_hour" integer unsigned NOT NULL CHECK ("user_rate_limit_per_hour" >= 0), "is_service_enabled" bool NOT NULL, "maintenance_message" varchar(500) NOT NULL, "updated_at" datetime NOT NULL, "updated_by_id" bigint NULL REFERENCES "users" ("id") DEFERRABLE INITIALLY DEFERRED, "active_model" varchar(50) NOT NULL);
INSERT INTO ai_configuration VALUES(1,30000,500,2000,0.29999999999999998889,10,1,'خدمة الذكاء الاصطناعي متوقفة مؤقتاً للصيانة.','2026-02-10 01:38:42.756521',NULL,'gpt-4.1-mini');
CREATE TABLE IF NOT EXISTS "ai_api_keys" ("id" integer NOT NULL PRIMARY KEY , "label" varchar(100) NOT NULL, "encrypted_key" text NOT NULL, "key_hint" varchar(20) NOT NULL, "status" varchar(20) NOT NULL, "is_active" bool NOT NULL, "error_count" integer unsigned NOT NULL CHECK ("error_count" >= 0), "total_requests" integer unsigned NOT NULL CHECK ("total_requests" >= 0), "last_error" text NULL, "last_error_at" datetime NULL, "last_success_at" datetime NULL, "last_latency_ms" integer unsigned NOT NULL CHECK ("last_latency_ms" >= 0), "rpm_limit" integer unsigned NOT NULL CHECK ("rpm_limit" >= 0), "cooldown_until" datetime NULL, "tokens_used_today" integer unsigned NOT NULL CHECK ("tokens_used_today" >= 0), "tokens_reset_date" date NULL, "priority" integer unsigned NOT NULL CHECK ("priority" >= 0), "created_at" datetime NOT NULL, "updated_at" datetime NOT NULL, "provider" varchar(20) NOT NULL);
CREATE UNIQUE INDEX "django_content_type_app_label_model_76bd3d3b_uniq" ON "django_content_type" ("app_label", "model");
CREATE UNIQUE INDEX "auth_group_permissions_group_id_permission_id_0cd325b0_uniq" ON "auth_group_permissions" ("group_id", "permission_id");
CREATE INDEX "auth_group_permissions_group_id_b120cbf9" ON "auth_group_permissions" ("group_id");
CREATE INDEX "auth_group_permissions_permission_id_84c5c92e" ON "auth_group_permissions" ("permission_id");
CREATE UNIQUE INDEX "auth_permission_content_type_id_codename_01ab375a_uniq" ON "auth_permission" ("content_type_id", "codename");
CREATE INDEX "auth_permission_content_type_id_2f476e4b" ON "auth_permission" ("content_type_id");
CREATE INDEX "users_academi_6f9fe9_idx" ON "users" ("academic_id");
CREATE INDEX "users_email_4b85f2_idx" ON "users" ("email");
CREATE INDEX "users_account_33da0c_idx" ON "users" ("account_status");
CREATE UNIQUE INDEX "role_permissions_role_id_permission_id_04f77df0_uniq" ON "role_permissions" ("role_id", "permission_id");
CREATE INDEX "user_activi_user_id_f188ea_idx" ON "user_activity" ("user_id", "activity_type");
CREATE INDEX "user_activi_activit_a6d0d4_idx" ON "user_activity" ("activity_time");
CREATE INDEX "users_level_id_9292ea4f" ON "users" ("level_id");
CREATE INDEX "users_major_id_e6c1486e" ON "users" ("major_id");
CREATE INDEX "users_role_id_1900a745" ON "users" ("role_id");
CREATE UNIQUE INDEX "users_groups_user_id_group_id_fc7788e8_uniq" ON "users_groups" ("user_id", "group_id");
CREATE INDEX "users_groups_user_id_f500bee5" ON "users_groups" ("user_id");
CREATE INDEX "users_groups_group_id_2f3517aa" ON "users_groups" ("group_id");
CREATE UNIQUE INDEX "users_user_permissions_user_id_permission_id_3b86cbdf_uniq" ON "users_user_permissions" ("user_id", "permission_id");
CREATE INDEX "users_user_permissions_user_id_92473840" ON "users_user_permissions" ("user_id");
CREATE INDEX "users_user_permissions_permission_id_6d08dcd2" ON "users_user_permissions" ("permission_id");
CREATE INDEX "password_reset_tokens_user_id_0aeaaad3" ON "password_reset_tokens" ("user_id");
CREATE INDEX "role_permissions_permission_id_ad343843" ON "role_permissions" ("permission_id");
CREATE INDEX "role_permissions_role_id_216516f2" ON "role_permissions" ("role_id");
CREATE INDEX "user_activity_user_id_9d5b7120" ON "user_activity" ("user_id");
CREATE INDEX "verification_codes_user_id_b95b7e45" ON "verification_codes" ("user_id");
CREATE INDEX "django_admin_log_content_type_id_c4bce8eb" ON "django_admin_log" ("content_type_id");
CREATE INDEX "django_admin_log_user_id_c564eba6" ON "django_admin_log" ("user_id");
CREATE INDEX "courses_course__5da9ef_idx" ON "courses" ("course_code");
CREATE INDEX "courses_level_i_142f5d_idx" ON "courses" ("level_id", "semester_id");
CREATE UNIQUE INDEX "course_majors_course_id_major_id_abc6bb0b_uniq" ON "course_majors" ("course_id", "major_id");
CREATE UNIQUE INDEX "instructor_courses_instructor_id_course_id_8f21ba4a_uniq" ON "instructor_courses" ("instructor_id", "course_id");
CREATE INDEX "lectures_fi_course__02e733_idx" ON "lectures_files" ("course_id", "file_type");
CREATE INDEX "lectures_fi_upload__6e2bcb_idx" ON "lectures_files" ("upload_date");
CREATE INDEX "lectures_fi_is_visi_d3378e_idx" ON "lectures_files" ("is_visible", "is_deleted");
CREATE INDEX "courses_level_id_71d97878" ON "courses" ("level_id");
CREATE INDEX "courses_semester_id_b0a820a8" ON "courses" ("semester_id");
CREATE INDEX "course_majors_course_id_a5f862af" ON "course_majors" ("course_id");
CREATE INDEX "course_majors_major_id_6d248ddb" ON "course_majors" ("major_id");
CREATE INDEX "instructor_courses_course_id_f771203e" ON "instructor_courses" ("course_id");
CREATE INDEX "instructor_courses_instructor_id_294ef69b" ON "instructor_courses" ("instructor_id");
CREATE INDEX "lectures_files_course_id_e0bcbcf0" ON "lectures_files" ("course_id");
CREATE INDEX "lectures_files_uploader_id_c9122ec8" ON "lectures_files" ("uploader_id");
CREATE INDEX "ai_chats_file_id_ef3e9f2d" ON "ai_chats" ("file_id");
CREATE INDEX "ai_chats_user_id_d97aa8bd" ON "ai_chats" ("user_id");
CREATE INDEX "ai_chats_file_id_2efcb8_idx" ON "ai_chats" ("file_id", "user_id");
CREATE INDEX "ai_chats_created_567726_idx" ON "ai_chats" ("created_at");
CREATE INDEX "ai_usage_logs_file_id_53fedaad" ON "ai_usage_logs" ("file_id");
CREATE INDEX "ai_usage_logs_user_id_e0010f65" ON "ai_usage_logs" ("user_id");
CREATE INDEX "ai_usage_lo_user_id_dee198_idx" ON "ai_usage_logs" ("user_id", "request_time");
CREATE INDEX "ai_usage_lo_request_e64f26_idx" ON "ai_usage_logs" ("request_type");
CREATE INDEX "audit_logs_user_id_752b0e2b" ON "audit_logs" ("user_id");
CREATE INDEX "audit_logs_user_id_d685f3_idx" ON "audit_logs" ("user_id", "action");
CREATE INDEX "audit_logs_model_n_656046_idx" ON "audit_logs" ("model_name", "object_id");
CREATE INDEX "audit_logs_timesta_423be6_idx" ON "audit_logs" ("timestamp");
CREATE INDEX "django_session_expire_date_a5c62663" ON "django_session" ("expire_date");
CREATE INDEX "ai_generated_questions_file_id_8f374679" ON "ai_generated_questions" ("file_id");
CREATE INDEX "ai_generated_questions_user_id_31c4da95" ON "ai_generated_questions" ("user_id");
CREATE INDEX "ai_generate_file_id_bc9b7b_idx" ON "ai_generated_questions" ("file_id");
CREATE INDEX "ai_generate_questio_6ecb08_idx" ON "ai_generated_questions" ("question_type");
CREATE INDEX "ai_summaries_user_id_9ad912dc" ON "ai_summaries" ("user_id");
CREATE INDEX "ai_summarie_file_id_90e7b0_idx" ON "ai_summaries" ("file_id");
CREATE INDEX "ai_summarie_generat_366852_idx" ON "ai_summaries" ("generated_at");
CREATE INDEX "ai_generation_jobs_file_id_6fb307b7" ON "ai_generation_jobs" ("file_id");
CREATE INDEX "ai_generation_jobs_instructor_id_db5323ab" ON "ai_generation_jobs" ("instructor_id");
CREATE INDEX "ai_generati_instruc_66b936_idx" ON "ai_generation_jobs" ("instructor_id", "created_at");
CREATE INDEX "ai_generati_file_id_e73c2e_idx" ON "ai_generation_jobs" ("file_id");
CREATE INDEX "ai_generati_status_339a0f_idx" ON "ai_generation_jobs" ("status");
CREATE UNIQUE INDEX "student_progress_student_id_file_id_724a8d94_uniq" ON "student_progress" ("student_id", "file_id");
CREATE INDEX "student_progress_file_id_1da876ae" ON "student_progress" ("file_id");
CREATE INDEX "student_progress_student_id_623241f9" ON "student_progress" ("student_id");
CREATE INDEX "student_pro_student_79cac6_idx" ON "student_progress" ("student_id", "last_accessed");
CREATE INDEX "idx_lf_course_vis" ON "lectures_files" ("course_id", "is_visible");
CREATE INDEX "idx_lf_uploader_del" ON "lectures_files" ("uploader_id", "is_deleted");
CREATE INDEX "idx_lf_upload_stats" ON "lectures_files" ("uploader_id", "is_deleted", "upload_date");
CREATE INDEX "idx_lf_crs_vis_del" ON "lectures_files" ("course_id", "is_visible", "is_deleted");
CREATE INDEX "ai_usage_lo_request_949837_idx" ON "ai_usage_logs" ("request_time");
CREATE INDEX "ai_usage_logs_api_key_used_id_d4b0d036" ON "ai_usage_logs" ("api_key_used_id");
CREATE UNIQUE INDEX "notification_recipients_notification_id_user_id_655a851e_uniq" ON "notification_recipients" ("notification_id", "user_id");
CREATE INDEX "notification_recipients_notification_id_2a3e9436" ON "notification_recipients" ("notification_id");
CREATE INDEX "notification_recipients_user_id_699ae7db" ON "notification_recipients" ("user_id");
CREATE INDEX "idx_nr_user_read" ON "notification_recipients" ("user_id", "is_read");
CREATE INDEX "idx_nr_user_read_del" ON "notification_recipients" ("user_id", "is_read", "is_deleted");
CREATE INDEX "idx_nr_user_del_arch" ON "notification_recipients" ("user_id", "is_deleted", "is_archived");
CREATE INDEX "notifications_course_id_bcd534dd" ON "notifications" ("course_id");
CREATE INDEX "notifications_sender_id_57e62d28" ON "notifications" ("sender_id");
CREATE INDEX "notifications_content_type_id_9b5c8cf9" ON "notifications" ("content_type_id");
CREATE INDEX "idx_notif_type_date" ON "notifications" ("notification_type", "created_at");
CREATE INDEX "idx_notif_course_date" ON "notifications" ("course_id", "created_at");
CREATE INDEX "idx_notif_sender_date" ON "notifications" ("sender_id", "created_at");
CREATE INDEX "idx_notif_generic" ON "notifications" ("content_type_id", "object_id");
CREATE INDEX "idx_notif_active_date" ON "notifications" ("is_active", "created_at");
CREATE INDEX "ai_configuration_updated_by_id_922ba295" ON "ai_configuration" ("updated_by_id");
CREATE INDEX "ai_api_keys_provide_0cb026_idx" ON "ai_api_keys" ("provider", "is_active", "status");
CREATE INDEX "ai_api_keys_cooldow_1336df_idx" ON "ai_api_keys" ("cooldown_until");

COMMIT;